Car_Name,Make,Model,Make_Year,Fuel_Type,Fuel_Tank_Capacity_L,Engine_Type,CC_Displacement,Transmission,Transmission_Type,Power_BHP,Torque_Nm,Mileage_kmpl,Emission
"Volkswagen Ameo [2016-2017] Highline 1.5L AT (D)",Volkswagen,Ameo,2017,diesel,45,"1.5L TDI Engine",1498,7-Speed,Automatic,109,250,21.66,"BS IV"
"Hyundai i20 Active [2015-2020] 1.2 SX",Hyundai,"i20 Active",2016,petrol,45,"1.2L Kappa 5 Speed Manual Transmission",1197,5-Speed,Manual,82,115,17.19,"BS V"
"Honda WR-V VX i-VTEC",Honda,WR-V,2019,petrol,40,"i-VTEC Petrol engine",1199,5-Speed,Manual,88.5,110,16.5,"BS IV"
"Renault Kwid 1.0 RXT AMT",Renault,Kwid,2017,petrol,28,1.0L,999,5-Speed,Manual,67,91,21.7,"BS IV"
"Hyundai Grand i10 [2017-2020] Asta 1.2 Kappa VTVT",Hyundai,"Grand i10",2017,petrol,43,"Kappa VTVT Petrol Engine",1197,5-Speed,Manual,81.86,113.75,18.9,"BS V"
"Hyundai Elite i20 [2014-2018] Sportz 1.2",Hyundai,"Elite i20",2016,petrol,45,"Kappa VTVT Petrol Engine",1197,5-Speed,Manual,81.83,114.7,18.6,"BS IV"
"Honda Brio [2011-2016] V MT",Honda,Brio,2012,petrol,35,"4 cylinder inline petrol",1198,5-Speed,Manual,86.8,109,19.4,"BS III"
"Tata Harrier XZ",Tata,Harrier,2019,diesel,50,"Kryotec 2.0 L Turbocharge",1956,6-Speed,Automatic,138,350,17,"BS IV"
"Hyundai Grand i10 Nios Sportz AMT 1.2 Kappa VTVT",Hyundai,"Grand i10 Nios",2021,petrol,37,"1.2 L Kappa Petrol",1197,5-Speed,Manual,81.86,113.75,20.07,"BS IV"
"Renault Kwid 1.0 RXT Opt",Renault,Kwid,2019,petrol,28,"Petrol Engine",999,5-Speed,Manual,67,91,22,"BS IV"
"Renault Triber RXT",Renault,Triber,2020,petrol,40,"1.0L Petrol Engine",999,5-Speed,Manual,71,96,20,"BS IV"
"Chevrolet Cruze [2009-2017] LTZ AT",Chevrolet,Cruze,2013,diesel,60,"VCDi 16V SOHC",1991,6-Speed,Automatic,164,380,17,"BS IV"
"Hyundai Venue [2019-2022] SX Plus 1.0 Turbo DCT",Hyundai,Venue,2019,petrol,45,"Kappa 1.0 L Turbo GDi Petrol",998,7-Speed,Automatic,118.35,171.6,18.15,"BS V"
"Tata Safari XZA Plus",Tata,Safari,2021,diesel,50,"Kryotec 2.0 L Turbocharged Engine",1956,6-Speed,Automatic,167.67,350,17,"BS IV"
"Maruti Suzuki Swift [2017-2021] ZXI","Maruti Suzuki",Swift,2019,petrol,37,"VTVT Engine",1197,5-Speed,Manual,81.8,113,21.21,"BS IV"
"Toyota Yaris [2018-2021] J CVT",Toyota,Yaris,2020,petrol,42,"1.5 Dual VVT-i Engine",1496,CVT,Automatic,105.94,140,17.18,"BS IV"
"Tata Punch Creative Kaziranga Edition",Tata,Punch,2022,petrol,37,"1.2 Revotron",1199,5-Speed,Manual,84,113,18.9,"BS IV"
"Renault Duster [2015-2019] 110 PS RXZ 4X2 AMT",Renault,Duster,2017,diesel,50,"dCi THP Diesel Engine",1461,6-Speed,Automatic,108.45,245,19.6,"BS V"
"Toyota Yaris [2018-2021] J",Toyota,Yaris,2018,petrol,42,"1.5 Dual VVT-i Engine",1496,6-Speed,Automatic,105.94,140,17.18,"BS IV"
"Hyundai Elite i20 [2018-2020] Magna Executive 1.2",Hyundai,"Elite i20",2018,petrol,45,"Kappa VTVT Petrol Engine",1197,5-Speed,Manual,82.85,113.7,18.6,"BS V"
"Volkswagen Ameo [2016-2020] Highline1.2L Plus (P)",Volkswagen,Ameo,2017,petrol,45,"MPI Petrol Engine",1198,5-Speed,Manual,73.75,110,17,"BS V"
"Maruti Suzuki Celerio [2014-2021] VXi","Maruti Suzuki",Celerio,2014,petrol,35,K10B,998,5-Speed,Manual,67.04,90,23.1,"BS IV"
"Hyundai Creta [2018-2020] 1.6 SX",Hyundai,Creta,2019,diesel,55,"U2 VGT CRDi",1582,6-Speed,Automatic,126,260,15.8,"BS V"
"Toyota Etios Liva [2017-2020] VX Dual Tone",Toyota,"Etios Liva",2017,petrol,45,"4-Cylinder 16V, DOHC",1197,5-Speed,Manual,79,104,18.16,"BS V"
"Hyundai i10 [2010-2016] Sportz Petrol",Hyundai,i10,2016,petrol,35,"DOHC Kappa2 Engine",1197,5-Speed,Manual,78.9,111.8,20.36,"BS III"
"Maruti Suzuki Swift Dzire [2012-2017] ZXI","Maruti Suzuki","Swift Dzire",2014,petrol,42,"K Series VVT Engine",1197,5-Speed,Manual,85.8,114,19.1,"BS IV"
"Hyundai Verna [2017-2020] 1.6 VTVT SX",Hyundai,Verna,2019,petrol,43,"Front Wheel Drive",1591,6-Speed,Automatic,121,158,17.4,"BS V"
"Maruti Suzuki Celerio [2014-2021] VXi AMT","Maruti Suzuki",Celerio,2019,petrol,35,K10B,998,5-Speed,Manual,67.04,90,23.1,"BS IV"
"Hyundai Elite i20 [2014-2018] Sportz 1.2",Hyundai,"Elite i20",2017,petrol,45,"Kappa VTVT Petrol Engine",1197,5-Speed,Manual,81.83,114.7,18.6,"BS IV"
"Maruti Suzuki Baleno [2015-2019] Zeta Petrol","Maruti Suzuki",Baleno,2017,petrol,37,"1.2L VVT Engine",1197,5-Speed,Manual,81.8,113,21.01,"BS V"
"Maruti Suzuki Alto K10 [2010-2014] VXi","Maruti Suzuki","Alto K10",2011,petrol,35,"K Series Petrol Engine",998,5-Speed,Manual,67.1,90,20.92,"BS IV"
"Honda Amaze [2013-2018] 1.2 VX AT i-VTEC",Honda,Amaze,2013,petrol,35,"4-Cylinder, SOHC i-VTEC",1198,5-Speed,Manual,86.9,109,18,"BS IV"
"Renault Kwid 1.0 RXL AMT",Renault,Kwid,2020,petrol,28,"1.0L	",999,5-Speed,Manual,67,91,21.7,"BS IV"
"Hyundai New i20 Asta (O) 1.0 Turbo DCT",Hyundai,"New i20",2021,petrol,37,"1.0 l Turbo GDi",998,7-Speed,Automatic,118,172,20.2,"BS IV"
"Hyundai Elite i20 [2014-2018] Asta 1.2 (O)",Hyundai,"Elite i20",2016,petrol,45,"1.2 Kappa petrol with dual VTVT, 16 Valves, 4 Cylinder",1197,5-Speed,Manual,82,115,18.6,"BS IV"
"Honda Amaze [2013-2018] 1.2 VX AT i-VTEC",Honda,Amaze,2017,petrol,35,"4-Cylinder, SOHC i-VTEC",1198,5-Speed,Manual,86.9,109,18,"BS IV"
"Maruti Suzuki Swift VXI AMT","Maruti Suzuki",Swift,2022,petrol,37,"VTVT Engine",1197,5-Speed,Manual,81.8,113,21.21,"BS IV"
"Hyundai Venue S 1.2",Hyundai,Venue,2022,petrol,45,"1.2 Kappa	",1197,5-Speed,Manual,82,114,17.5,"BS IV"
"Tata Altroz XZ 1.2",Tata,Altroz,2020,petrol,37,"1.2 L Revotron",1199,5-Speed,Manual,84.82,113,19.05,"BS IV"
"Tata Punch Accomplished AMT",Tata,Punch,2022,petrol,37,"1.2 Revotron",1199,6-Speed,Automatic,84,113,18.9,"BS IV"
"Hyundai Elite i20 [2014-2018] Asta 1.2",Hyundai,"Elite i20",2014,petrol,45,"Kappa VTVT Petrol Engine",1197,5-Speed,Manual,81.83,114.7,18.6,"BS IV"
"Maruti Suzuki Alto K10 [2014-2019] VXi (O)","Maruti Suzuki","Alto K10",2017,petrol,35,K10B,998,5-Speed,Manual,67,90,24.07,"BS V"
"Hyundai Grand i10 [2017-2020] Asta 1.2 Kappa VTVT",Hyundai,"Grand i10",2018,petrol,43,"Kappa VTVT Petrol Engine",1197,5-Speed,Manual,81.86,113.75,18.9,"BS V"
"Maruti Suzuki Ignis [2017-2020] Alpha AMT Petrol","Maruti Suzuki",Ignis,2018,petrol,32,"1.2-Litre VVT Petrol Engine",1197,5-Speed,Manual,81.8,113,20.89,"BS V"
"Hyundai New i20 Asta (O) 1.0 Turbo DCT",Hyundai,"New i20",2021,petrol,37,"1.0 l Turbo GDi",998,7-Speed,Automatic,118,172,20.2,"BS IV"
"Hyundai Verna [2017-2020] 1.6 CRDI SX (O)",Hyundai,Verna,2018,diesel,43,"Front Wheel Drive",1582,6-Speed,Automatic,126,260,24.75,"BS V"
"Honda City ZX CVT",Honda,City,2021,petrol,40,"1.5L i-VTEC DOHC with VTC Petrol Engine",1498,7-Speed,Automatic,119.35,145,17,"BS IV"
"Hyundai New i20 Asta (O) 1.2 MT",Hyundai,"New i20",2021,petrol,37,"1.2 l Kappa petrol",1197,5-Speed,Manual,82,115,21,"BS IV"
"Renault Kwid [2017-2019] CLIMBER 1.0 AMT",Renault,Kwid,2019,petrol,28,"Petrol Engine",999,5-Speed,Manual,67,91,22,"BS V"
"Maruti Suzuki S-Presso VXI","Maruti Suzuki",S-Presso,2019,petrol,27,"K10B Petrol Engine",998,5-Speed,Manual,67,90,21.7,"BS IV"
"Maruti Suzuki Dzire [2017-2020] VDi AMT","Maruti Suzuki",Dzire,2017,diesel,37," DDiS Diesel Engine",1248,5-Speed,Manual,74,190,28.4,"BS V"
"Hyundai New i20 Asta 1.0 Turbo IMT",Hyundai,"New i20",2020,petrol,37,"1.0 l Turbo GDi",998,6-Speed,Automatic,118,172,20.2,"BS IV"
"Mahindra TUV300 [2015-2020] T8 mHAWK100 AMT",Mahindra,TUV300,2017,diesel,60," mHawk",1493,5-Speed,Manual,100,240,18.49,"BS V"
"Hyundai i10 [2010-2016] Magna Petrol",Hyundai,i10,2016,petrol,35,"4 cylinder inline petrol engine",1197,5-Speed,Manual,68,99.08,19.81,"BS III"
"Maruti Suzuki Eeco AC 5 STR","Maruti Suzuki",Eeco,2020,petrol,40,"Aluminium 32 bit",1197,5-Speed,Manual,72.42,98,16.11,"BS IV"
"Maruti Suzuki Swift [2011-2017] VXI","Maruti Suzuki",Swift,2013,petrol,42,"K Series Petrol Engine",1197,5-Speed,Manual,85.8,114,18.6,"BS IV"
"Maruti Suzuki Dzire [2017-2020] ZXi Plus AMT","Maruti Suzuki",Dzire,2018,petrol,37,"1.2 Litre Petrol Engine",1499,5-Speed,Manual,88.5,113,24.12,"BS V"
"Hyundai Xcent [2014-2017] SX Petrol",Hyundai,Xcent,2015,petrol,43,"1.2 Kappa Dual VTVT Petrol",1197,5-Speed,Manual,81,114,19.1,"BS IV"
"Tata Harrier XZA Plus Dark Edition AT",Tata,Harrier,2021,diesel,50,"2.0 L Kryotec",1956,6-Speed,Automatic,140,350,17,"BS IV"
"Maruti Suzuki Ciaz Alpha AT Petrol","Maruti Suzuki",Ciaz,2021,petrol,43,"K15 Smart Hybrid Petrol E",1462,4-Speed,Automatic,103.25,138,20,"BS IV"
"Tata Altroz XZA+",Tata,Altroz,2022,petrol,37,"1.2 L Revotron",1199,6-Speed,Automatic,84.82,113,19.05,"BS IV"
"Hyundai Creta SX OPT Turbo DCT Petrol",Hyundai,Creta,2021,petrol,50,"1.4L GDi Turbo Petrol",1353,7-Speed,Automatic,138,242.2,16.8,"BS IV"
"Maruti Suzuki Baleno [2015-2019] Alpha Petrol","Maruti Suzuki",Baleno,2015,petrol,37,"1.2L VVT Engine",1197,5-Speed,Manual,81.8,113,21.01,"BS V"
"Maruti Suzuki Wagon R 1.0 [2015-2019] VXI AMT","Maruti Suzuki","Wagon R 1.0",2016,petrol,32,"K10B Petrol Engine",998,5-Speed,Manual,67.05,90,21.79,"BS V"
"Renault Kwid 1.0 RXT Opt",Renault,Kwid,2020,petrol,28,"Petrol Engine",999,5-Speed,Manual,67,91,22,"BS IV"
"Hyundai Grand i10 [2017-2020] Asta 1.2 Kappa VTVT",Hyundai,"Grand i10",2019,petrol,43,"Kappa VTVT Petrol Engine",1197,5-Speed,Manual,81.86,113.75,18.9,"BS V"
"Hyundai New Santro 1.1 Sportz MT",Hyundai,"New Santro 1.1",2020,petrol,35,"1.1 L Petrol",1086,5-Speed,Manual,68.07,99.07,20.3,"BS IV"
"Volkswagen Vento [2015-2019] Highline Petrol AT",Volkswagen,Vento,2016,petrol,55,"TSI Engine",1197,7-Speed,Automatic,103,175,18.19,"BS V"
"Tata Harrier XZ Dual Tone",Tata,Harrier,2021,diesel,50,"Kryotec 2.0 L Turbocharge",1956,6-Speed,Automatic,138,350,17,"BS IV"
"Ford EcoSport [2013-2015] Titanium 1.5L Ti-VCT AT",Ford,EcoSport,2015,petrol,52,"1.5L Ti-VCT (Petrol)",1499,6-Speed,Automatic,109,140,16.5,"BS III"
"Hyundai Verna [2017-2020] 1.6 CRDI SX",Hyundai,Verna,2018,diesel,43,"Front Wheel Drive",1582,6-Speed,Automatic,121,158,24.75,"BS V"
"Hyundai Grand i10 [2017-2020] Sportz 1.2 Kappa VTVT",Hyundai,"Grand i10",2020,petrol,43,"Kappa VTVT Petrol Engine",1197,5-Speed,Manual,81.86,113.75,18.9,"BS V"
"Renault Kwid [2015-2019] RXL",Renault,Kwid,2019,petrol,28,"Petrol Engine",799,5-Speed,Manual,53.3,72,25.17,"BS V"
"Hyundai i20 Active [2015-2020] 1.2 S",Hyundai,"i20 Active",2018,petrol,45,"1.2L Kappa 5 Speed Manual Transmission",1197,5-Speed,Manual,82,115,17.19,"BS V"
"Maruti Suzuki S-Cross [2017-2020] Zeta 1.3","Maruti Suzuki",S-Cross,2018,diesel,48,"DDiS 200",1248,5-Speed,Manual,89,200,23.65,"BS V"
"Hyundai Elite i20 [2014-2018] Asta 1.2 (O)",Hyundai,"Elite i20",2017,petrol,45,"1.2 Kappa petrol with dual VTVT, 16 Valves, 4 Cylinder",1197,5-Speed,Manual,82,115,18.6,"BS IV"
"Maruti Suzuki S-Cross [2015-2020] Sigma 1.3","Maruti Suzuki",S-Cross,2017,diesel,48,"DDiS 200",1248,5-Speed,Manual,89,200,23.65,"BS V"
"Hyundai i20 Active [2015-2020] 1.2 SX",Hyundai,"i20 Active",2018,petrol,45,"1.2L Kappa 5 Speed Manual Transmission",1197,5-Speed,Manual,82,115,17.19,"BS V"
"Honda City ZX",Honda,City,2020,petrol,40,"1.5L i-VTEC DOHC with VTC Petrol Engine",1498,6-Speed,Automatic,119.35,145,18.4,"BS IV"
"Ford EcoSport [2017-2021] Titanium 1.5L Ti-VCT",Ford,EcoSport,2018,petrol,52,"Ti-VCT Petrol Engine",1496,5-Speed,Manual,120.69,149,15.9,"BS IV"
"Maruti Suzuki Swift [2017-2021] VXI AMT","Maruti Suzuki",Swift,2020,petrol,37,"VTVT Engine",1197,5-Speed,Manual,81.8,113,21.21,"BS IV"
"Nissan Magnite XV Premium Turbo (O)",Nissan,Magnite,2021,petrol,40,"1.0L HRAO Turbo",999,5-Speed,Manual,99,160,20,"BS IV"
"Maruti Suzuki Baleno [2015-2019] Zeta AT Petrol","Maruti Suzuki",Baleno,2018,petrol,37,"1.2L VVT Engine",1197,CVT,Automatic,81.8,113,19.56,"BS V"
"Hyundai Xcent [2014-2017] S (O) Petrol",Hyundai,Xcent,2014,petrol,43,"1.2 Kappa Dual VTVT Petrol",1197,5-Speed,Manual,81,114,19.1,"BS IV"
"Maruti Suzuki Ciaz Alpha Petrol","Maruti Suzuki",Ciaz,2021,petrol,43,"K15 Smart Hybrid Petrol E",1499,5-Speed,Manual,103.25,138,20.65,"BS IV"
"Maruti Suzuki Celerio ZXi AMT","Maruti Suzuki",Celerio,2021,petrol,35,"K10B Engine",998,5-Speed,Manual,67.04,90,21.63,"BS IV"
"Volkswagen Polo [2018-2022] Trendline 1.0 (P)",Volkswagen,Polo,2020,petrol,45,"1.0L MPI Petrol",999,5-Speed,Manual,75.1,95,17.74,"BS IV"
"Tata Altroz XZ Plus Turbo",Tata,Altroz,2022,petrol,37,"1.2 L Revotron",1199,5-Speed,Manual,108,140,18.1,"BS IV"
"Hyundai Creta [2018-2020] 1.6 SX OPT VTVT",Hyundai,Creta,2019,petrol,55,"VTVT Petrol Engine",1591,6-Speed,Automatic,121.3,151,15.8,"BS V"
"Maruti Suzuki S-Presso VXI","Maruti Suzuki",S-Presso,2020,petrol,27,"K10B Petrol Engine",998,5-Speed,Manual,67,90,21.7,"BS IV"
"Maruti Suzuki S-Presso VXI","Maruti Suzuki",S-Presso,2020,petrol,27,"K10B Petrol Engine",998,5-Speed,Manual,67,90,21.7,"BS IV"
"Maruti Suzuki Swift [2011-2017] VDi","Maruti Suzuki",Swift,2013,diesel,43,"DDiS Diesel Engine",1248,5-Speed,Manual,74,190,22.9,"BS IV"
"Maruti Suzuki Ciaz Delta Petrol","Maruti Suzuki",Ciaz,2020,petrol,43,"K15 Smart Hybrid Petrol E",1462,5-Speed,Manual,103.25,138,20.65,"BS IV"
"Honda WR-V VX i-VTEC",Honda,WR-V,2017,petrol,40,"i-VTEC Petrol engine",1199,5-Speed,Manual,88.5,110,16.5,"BS IV"
"Toyota Etios [2010-2017] G",Toyota,Etios,2014,petrol,45,"4 cylinder petrol engine",1496,5-Speed,Manual,90,132,17.57,"BS IV"
"Maruti Suzuki Dzire [2017-2020] ZXI","Maruti Suzuki",Dzire,2017,petrol,37,"1.2 Litre Petrol Engine",1197,5-Speed,Manual,88.5,113,23.26,"BS V"
"Hyundai i10 [2010-2016] Sportz AT Petrol",Hyundai,i10,2013,petrol,35,"DOHC Kappa2 Engine",1197,4-Speed,Automatic,78.9,111.8,16.95,"BS III"
"Hyundai Verna [2017-2020] 1.6 CRDI SX",Hyundai,Verna,2018,diesel,43,"Front Wheel Drive",1582,6-Speed,Automatic,121,158,24.75,"BS V"
"Hyundai Elite i20 [2014-2018] Sportz 1.2",Hyundai,"Elite i20",2015,petrol,45,"Kappa VTVT Petrol Engine",1197,5-Speed,Manual,81.83,114.7,18.6,"BS IV"
"Volkswagen Vento [2010-2015] Highline Petrol",Volkswagen,Vento,2014,petrol,55,"MPI Petrol Engine",1598,5-Speed,Manual,103.2,153,16.09,"BS III"
"Renault Triber RXZ AMT",Renault,Triber,2020,petrol,40,"1.0L Petrol Engine",999,5-Speed,Manual,72,96,18.2,"BS IV"
"Maruti Suzuki Dzire [2017-2020] ZXi Plus","Maruti Suzuki",Dzire,2018,petrol,37,"1.2 Litre Petrol Engine",1197,5-Speed,Manual,88.5,113,23.26,"BS V"
"Hyundai Verna [2017-2020] 1.6 CRDI SX (O)",Hyundai,Verna,2018,diesel,43,"Front Wheel Drive",1582,6-Speed,Automatic,126,260,24.75,"BS V"
"Hyundai Elite i20 [2014-2018] Asta 1.2",Hyundai,"Elite i20",2015,petrol,45,"Kappa VTVT Petrol Engine",1197,5-Speed,Manual,81.83,114.7,18.6,"BS IV"
"Honda WR-V i-DTEC VX",Honda,WR-V,2018,diesel,40,"i-DTEC Diesel engine",1498,6-Speed,Automatic,97.89,200,23.7,"BS IV"
"Volkswagen Polo [2018-2020] Highline Plus 1.0 (P)",Volkswagen,Polo,2019,petrol,45,"1.0L MPI Petrol",999,5-Speed,Manual,74.96,95,18.24,"BS V"
"Nissan Magnite XV Premium Turbo CVT (O)",Nissan,Magnite,2022,petrol,40,"1.0L HRAO Turbo	",999,CVT,Automatic,99,152,17.7,"BS IV"
"Hyundai Venue SX 1.0  Turbo",Hyundai,Venue,2021,petrol,45,"Kappa 1.0 L Turbo GDi Petrol",998,6-Speed,Automatic,118.35,171.6,18.27,"BS IV"
"JEEP Compass [2017-2021] Limited 2.0 Diesel 4x4",Jeep,Compass,2017,diesel,60,"2.0-Litre 4-Cyl Multijet",1956,6-Speed,Automatic,170,350,16.3,"BS IV"
"Tata Tiago Revotron XZ Plus",Tata,Tiago,2020,petrol,35,"Revotron Engine",1199,5-Speed,Manual,85,113,20,"BS IV"
"Hyundai Eon [2011-2018] Magna +",Hyundai,Eon,2016,petrol,32,"Kappa Engine",814,5-Speed,Manual,68.05,94.14,20.03,"BS IV"
"Hyundai Grand i10 [2017-2020] Sportz 1.2 Kappa VTVT",Hyundai,"Grand i10",2019,petrol,43,"Kappa VTVT Petrol Engine",1197,5-Speed,Manual,81.86,113.75,18.9,"BS V"
"Volkswagen Ameo [2016-2020] Highline1.2L (P)",Volkswagen,Ameo,2017,petrol,45,"MPI Petrol Engine",1198,5-Speed,Manual,73.75,110,17,"BS V"
"Maruti Suzuki Swift [2017-2020] ZDi Plus","Maruti Suzuki",Swift,2018,diesel,42,"DDis Diesel,CRDI",1248,5-Speed,Manual,74,190,25.2,"BS V"
"Renault Lodgy [2015-2019] 110 PS RxL",Renault,Lodgy,2015,diesel,50,"dCi Diesel with Fixed Geometry Turbo",1461,5-Speed,Manual,108,245,21.04,"BS V"
"Honda Jazz VX MT",Honda,Jazz,2015,petrol,40,"1.2 i-VTEC Petrol",1199,5-Speed,Manual,88.51,110,16.6,"BS IV"
"Tata Punch Creative IRA Dual Tone",Tata,Punch,2021,petrol,37,"1.2 Revotron",1199,5-Speed,Manual,84,113,18.9,"BS IV"
"Mahindra Scorpio [2017-2020] S9",Mahindra,Scorpio,2019,diesel,60,"mHawk Diesel Engine",2179,6-Speed,Automatic,138.13,320,16.36,"BS V"
"Chevrolet Beat [2014-2017] LS Diesel",Chevrolet,Beat,2015,diesel,35,"1.0 XSDE",936,5-Speed,Manual,57,150,25.44,"BS IV"
"Ford EcoSport [2013-2015] Titanium 1.5L TDCi (Opt)",Ford,EcoSport,2014,diesel,52,"1.5L DV5 (Diesel)",1498,5-Speed,Manual,89,204,22.7,"BS III"
"Hyundai Grand i10 [2017-2020] Magna 1.2 Kappa VTVT",Hyundai,"Grand i10",2018,petrol,43,"Kappa VTVT Petrol Engine",1197,5-Speed,Manual,81.86,113.75,18.9,"BS V"
"Hyundai Elite i20 [2018-2020] Magna Plus 1.2",Hyundai,"Elite i20",2019,petrol,40,"Kappa VTVT Petrol Engine",1197,5-Speed,Manual,81.86,117,18.6,"BS V"
"Hyundai Grand i10 [2013-2017] Asta 1.2 Kappa VTVT (O)",Hyundai,"Grand i10",2016,petrol,43,"Kappa VTVT Petrol Engine",1197,5-Speed,Manual,82,114,18.9,"BS IV"
"Maruti Suzuki S-Presso VXI+","Maruti Suzuki",S-Presso,2021,petrol,27,"K10B Petrol Engine",998,5-Speed,Manual,67,90,21.01,"BS IV"
"Toyota Etios Liva [2017-2020] VX Dual Tone",Toyota,"Etios Liva",2018,petrol,45,"4-Cylinder 16V, DOHC",1197,5-Speed,Manual,79,104,18.16,"BS V"
"Honda Brio [2011-2016] V MT",Honda,Brio,2012,petrol,35,"4 cylinder inline petrol",1198,5-Speed,Manual,86.8,109,19.4,"BS III"
"Maruti Suzuki Ciaz Alpha Petrol","Maruti Suzuki",Ciaz,2020,petrol,43,"K15 Smart Hybrid Petrol E",1499,5-Speed,Manual,103.25,138,20.65,"BS IV"
"Ford EcoSport [2017-2021] Titanium 1.5L Ti-VCT",Ford,EcoSport,2021,petrol,52,"Ti-VCT Petrol Engine",1496,5-Speed,Manual,120.69,149,15.9,"BS IV"
"Hyundai Eon [2011-2018] Magna +",Hyundai,Eon,2018,petrol,32,"Kappa Engine",814,5-Speed,Manual,68.05,94.14,20.03,"BS IV"
"Toyota Etios [2010-2017] V",Toyota,Etios,2013,petrol,45,"4 cylinder petrol engine",1496,5-Speed,Manual,80,132,17.57,"BS IV"
"Toyota Corolla Altis [2014-2017] G Petrol",Toyota,"Corolla Altis",2016,petrol,55,"2ZR-FE, Gasoline, 4 cylinder inline",1798,6-Speed,Automatic,138,173,16.7,"BS IV"
"MG Motors Hector 1.5 Sharp DCT AT","MG Motors",Hector,2020,petrol,60,FWD,1451,6-Speed,Automatic,141,250,13.96,"BS IV"
"MG Motors Hector 1.5 Sharp DCT AT","MG Motors",Hector,2020,petrol,60,FWD,1451,6-Speed,Automatic,141,250,13.96,"BS IV"
"Maruti Suzuki Ciaz Alpha AT Petrol","Maruti Suzuki",Ciaz,2020,petrol,43,"K15 Smart Hybrid Petrol E",1462,4-Speed,Automatic,103.25,138,20,"BS IV"
"Honda City ZX",Honda,City,2020,petrol,40,"1.5L i-VTEC DOHC with VTC Petrol Engine",1498,6-Speed,Automatic,119.35,145,18.4,"BS IV"
"Kia Seltos GTX Plus DCT",Kia,Seltos,2020,petrol,50,"Smartstream G1.4 T-GDi",1353,7-Speed,Automatic,138,242,16.8,"BS IV"
"Ford Figo [2019-2021] Titanium Diesel",Ford,Figo,2019,diesel,40,"TDCi Diesel Engine",1499,5-Speed,Manual,98.96,215,24.4,"BS V"
"Hyundai Verna [2011-2015] Fluidic 1.6 CRDi SX",Hyundai,Verna,2014,diesel,43,"Diesel Engine",1582,6-Speed,Automatic,126,260,17,"BS III"
"Maruti Suzuki Ciaz Alpha Petrol","Maruti Suzuki",Ciaz,2019,petrol,43,"K15 Smart Hybrid Petrol E",1499,5-Speed,Manual,103.25,138,20.65,"BS IV"
"Honda WR-V VX i-VTEC",Honda,WR-V,2017,petrol,40,"i-VTEC Petrol engine",1199,5-Speed,Manual,88.5,110,16.5,"BS IV"
"Maruti Suzuki Dzire [2017-2020] ZXi Plus AMT","Maruti Suzuki",Dzire,2018,petrol,37,"1.2 Litre Petrol Engine",1499,5-Speed,Manual,88.5,113,24.12,"BS V"
"Hyundai i20 Active [2015-2020] 1.2 SX",Hyundai,"i20 Active",2016,petrol,45,"1.2L Kappa 5 Speed Manual Transmission",1197,5-Speed,Manual,82,115,17.19,"BS V"
"Tata Zest [2014-2019] XT Petrol",Tata,Zest,2017,petrol,44,"Revotron 1.2 T",1193,5-Speed,Manual,89,140,17.57,"BS V"
"MG Motors Hector 1.5 Sharp DCT AT","MG Motors",Hector,2020,petrol,60,FWD,1451,6-Speed,Automatic,141,250,13.96,"BS IV"
"Hyundai Elite i20 [2018-2020] Sportz 1.2",Hyundai,"Elite i20",2018,petrol,45,"1.2 Kappa petrol with dual VTVT, 16 Valves, 4 Cylinder",1197,5-Speed,Manual,82,115,18.6,"BS V"
"Hyundai Fluidic Verna 4S [2015-2018] 1.6 VTVT SX AT",Hyundai,"Fluidic Verna 4S",2017,petrol,43,"VTVT Petrol Engine",1591,4-Speed,Automatic,121.3,154.9,17,"BS IV"
"MG Motors Hector 1.5 Hybrid Sharp DCT Dual Tone","MG Motors",Hector,2020,petrol,60,FWD,1451,6-Speed,Automatic,141,250,13.96,"BS IV"
"JEEP Compass [2017-2021] Longitude (O) 2.0 Diesel",Jeep,Compass,2017,diesel,60,"2.0-Litre 4-Cyl Multijet II Engine",1956,6-Speed,Automatic,170,350,17.1,"BS IV"
"JEEP Compass [2017-2021] Limited (O) 2.0 Diesel",Jeep,Compass,2017,diesel,60,"2.0-Litre 4-Cyl Multijet",1956,6-Speed,Automatic,170.63,350,17.1,"BS IV"
"Hyundai New Santro 1.1 Magna Corporate Edition ",Hyundai,"New Santro 1.1",2020,petrol,35,"1.1 L Petrol",1086,5-Speed,Manual,68.07,99.07,20.3,"BS IV"
"Maruti Suzuki S-Cross [2017-2020] Zeta 1.3","Maruti Suzuki",S-Cross,2018,diesel,48,"DDiS 200",1248,5-Speed,Manual,89,200,23.65,"BS V"
"Hyundai i20 Active [2015-2020] 1.2 S",Hyundai,"i20 Active",2017,petrol,45,"1.2L Kappa 5 Speed Manual Transmission",1197,5-Speed,Manual,82,115,17.19,"BS V"
"Ford EcoSport [2017-2021] Titanium + 1.5L Ti-VCT",Ford,EcoSport,2020,petrol,52," 1.5L Ti-VCT (Petrol)",1496,5-Speed,Manual,121,149,21.17,"BS IV"
"Hyundai i10 [2010-2016] Era Petrol",Hyundai,i10,2012,petrol,35,"4 cylinder inline petrol engine",1086,5-Speed,Manual,68.05,99.04,19.81,"BS III"
"Hyundai i10 [2010-2016] Sportz AT Petrol",Hyundai,i10,2011,petrol,35,"DOHC Kappa2 Engine",1197,4-Speed,Automatic,78.9,111.8,16.95,"BS III"
"Maruti Suzuki Alto 800 Vxi","Maruti Suzuki","Alto 800",2020,petrol,35,"F8D Petrol Engine",796,5-Speed,Manual,47.3,69,22.05,"BS IV"
"Renault Kwid [2015-2019] RXT",Renault,Kwid,2017,petrol,28,"Petrol Engine",799,5-Speed,Manual,53.3,72,25.12,"BS V"
"Hyundai Elite i20 [2014-2018] Sportz 1.4 CRDI",Hyundai,"Elite i20",2016,diesel,45,"16 Valves, 4 Cylinder",1396,6-Speed,Automatic,89,220,22.54,"BS IV"
"Maruti Suzuki Ertiga [2012-2015] Vxi","Maruti Suzuki",Ertiga,2015,petrol,45,"K-Series Petrol Engine with VVT",1373,5-Speed,Manual,93.7,130,16.02,"BS III"
"Hyundai Grand i10 Nios Sportz AMT 1.2 Kappa VTVT",Hyundai,"Grand i10 Nios",2022,petrol,37,"1.2 L Kappa Petrol",1197,5-Speed,Manual,81.86,113.75,20.07,"BS IV"
"Ford EcoSport [2015-2017] Trend 1.5L TDCi",Ford,EcoSport,2017,diesel,52,"1.5L DV5 (Diesel)",1498,5-Speed,Manual,99,205,22.7,"BS IV"
"Volkswagen Polo [2014-2020] Highline 1.5 (D)",Volkswagen,Polo,2015,diesel,45,"TDI Diesel Engine",1498,5-Speed,Manual,88,230,20.18,"BS V"
"Renault Triber RXZ",Renault,Triber,2019,petrol,40,"1.0L Petrol Engine",999,5-Speed,Manual,71,96,20,"BS IV"
"Maruti Suzuki Baleno [2015-2019] Alpha Petrol","Maruti Suzuki",Baleno,2017,petrol,37,"1.2L VVT Engine",1197,5-Speed,Manual,81.8,113,21.01,"BS V"
"Maruti Suzuki Ritz [2012-2017] Vxi","Maruti Suzuki",Ritz,2015,petrol,43,"inline 4 cylinder petrol engine",1197,5-Speed,Manual,85,113,18.5,"BS IV"
"Maruti Suzuki Ciaz [2014-2017] ZXi AT","Maruti Suzuki",Ciaz,2015,petrol,43," K 14B VVT",1373,4-Speed,Automatic,91,130,19.12,"BS IV"
"MG Motors Hector Plus Sharp 1.5 Petrol Turbo DCT 6-STR","MG Motors","Hector Plus",2020,petrol,60,"1.5 Litre Turbochaged Petrol Engine",1451,6-Speed,Automatic,141,250,11.67,"BS IV"
"Maruti Suzuki Wagon R 1.0 [2010-2019] VXI","Maruti Suzuki","Wagon R 1.0",2013,petrol,35,"K Series Petrol Engine",998,5-Speed,Manual,67.1,90,18.9,"BS V"
"Tata Altroz XZ 1.2",Tata,Altroz,2021,petrol,37,"1.2 L Revotron",1199,5-Speed,Manual,84.82,113,19.05,"BS IV"
"Hyundai Eon [2011-2018] Magna +",Hyundai,Eon,2017,petrol,32,"Kappa Engine",814,5-Speed,Manual,68.05,94.14,20.03,"BS IV"
"Maruti Suzuki Alto 800 [2012-2016] Vxi","Maruti Suzuki","Alto 800",2015,petrol,35,F8D,796,5-Speed,Manual,47.3,69,22.74,"BS III"
"Hyundai i10 [2010-2016] Magna 1.2 Petrol",Hyundai,i10,2013,petrol,35,"Kappa Petrol Engine",1197,5-Speed,Manual,78.9,111.7,20.36,"BS III"
"Maruti Suzuki Alto 800 Lxi","Maruti Suzuki","Alto 800",2020,petrol,35,"F8D Petrol Engine",796,5-Speed,Manual,47.33,69,22.05,"BS IV"
"Hyundai i10 [2010-2016] Era Petrol",Hyundai,i10,2013,petrol,35,"4 cylinder inline petrol engine",1086,5-Speed,Manual,68.05,99.04,19.81,"BS III"
"Hyundai Elite i20 [2014-2018] Asta 1.4 CRDI (O)",Hyundai,"Elite i20",2016,diesel,45,"U2 CRDI Diesel Engine",1396,6-Speed,Automatic,88.73,219.7,22.54,"BS IV"
"Renault Kiger RXT MT",Renault,Kiger,2022,petrol,40,"1.0L Energy",999,5-Speed,Manual,71,96,19.17,"BS IV"
"Maruti Suzuki Vitara Brezza [2018-2020] ZDI PLUS AT Dual Tone","Maruti Suzuki","Vitara Brezza",2019,diesel,48,"Front Wheel Drive",1248,5-Speed,Manual,89,200,24.3,"BS V"
"Hyundai Grand i10 Nios Sportz 1.2 Kappa VTVT",Hyundai,"Grand i10 Nios",2021,petrol,37,"1.2 L Kappa Petrol",1197,5-Speed,Manual,81.86,113.75,20.7,"BS IV"
"Honda City V",Honda,City,2019,petrol,40,"i VTEC Engine",1497,5-Speed,Manual,117.6,145,17.4,"BS IV"
"Renault Kwid CLIMBER 1.0 AMT",Renault,Kwid,2019,petrol,28,"Petrol Engine",999,5-Speed,Manual,67,91,22,"BS IV"
"Hyundai Eon [2011-2018] Magna +",Hyundai,Eon,2013,petrol,32,"Kappa Engine",814,5-Speed,Manual,68.05,94.14,20.03,"BS IV"
"JEEP Compass [2017-2021] Limited 2.0 Diesel",Jeep,Compass,2017,diesel,60,"2.0-Litre 4-Cyl Multijet",1956,6-Speed,Automatic,170,350,17.1,"BS IV"
"Hyundai i10 [2010-2016] Magna 1.2 Petrol",Hyundai,i10,2012,petrol,35,"Kappa Petrol Engine",1197,5-Speed,Manual,78.9,111.7,20.36,"BS III"
"Hyundai Creta [2015-2018] 1.6 SX Plus Auto",Hyundai,Creta,2016,diesel,60,"U2 VGT CRDi",1596,6-Speed,Manual,126,265,17.01,"BS IV"
"Renault Kiger RXZ Turbo CVT",Renault,Kiger,2021,petrol,40,"1.0L Energy",1298,5-Speed,Automatic,99,152,20.53,"BS IV"
"Maruti Suzuki Celerio [2014-2021] VXi AMT","Maruti Suzuki",Celerio,2014,petrol,35,K10B,998,5-Speed,Automatic,67.04,90,23.1,"BS IV"
"Hyundai Verna [2011-2015] Fluidic 1.6 VTVT SX",Hyundai,Verna,2013,petrol,43,"Front Wheel Drive",1591,5-Speed,Automatic,121,158,17.01,"BS III"
"Renault Duster [2015-2019] 110 PS RXZ 4X2 AMT",Renault,Duster,2017,diesel,50,"dCi THP Diesel Engine",1461,6-Speed,Manual,108.45,245,19.6,"BS V"
"Kia Seltos GTX Plus DCT",Kia,Seltos,2020,petrol,50,"Smartstream G1.4 T-GDi",1353,7-Speed,Manual,138,242,16.8,"BS IV"
"Hyundai Xcent [2014-2017] SX (O) Petrol",Hyundai,Xcent,2014,petrol,43,"Kappa VTVT Petrol Engine",1197,5-Speed,Manual,82,114,19.1,"BS IV"
"Hyundai Eon [2011-2018] D-Lite+",Hyundai,Eon,2014,petrol,32,"Petrol Engine",1798,5-Speed,Manual,55.2,74.5,21.1,"BS IV"
"Honda City V",Honda,City,2019,petrol,40,"i VTEC Engine",1497,5-Speed,Manual,117.6,145,17.4,"BS IV"
"Maruti Suzuki Wagon R 1.0 [2015-2019] VXI AMT","Maruti Suzuki","Wagon R 1.0",2016,petrol,32,"K10B Petrol Engine",998,5-Speed,Manual,67.05,90,21.79,"BS V"
"Renault Kwid 1.0 RXT Opt",Renault,Kwid,2021,petrol,28,"Petrol Engine",1298,5-Speed,Automatic,67,91,22,"BS IV"
"Maruti Suzuki Wagon R 1.0 [2010-2019] VXI","Maruti Suzuki","Wagon R 1.0",2011,petrol,35,"K Series Petrol Engine",998,5-Speed,Manual,67.1,90,18.9,"BS V"
"Mahindra XUV500 [2015-2018] W8",Mahindra,XUV500,2015,diesel,70,"4 cylinder mHawk CRDe diesel engine",2179,6-Speed,Manual,140,330,16,"BS IV"
"Hyundai New Santro 1.1 Asta MT",Hyundai,"New Santro 1.1",2019,petrol,35,"1.1 L Petrol",1086,5-Speed,Manual,68.07,99.07,20.3,"BS IV"
"Hyundai Grand i10 [2017-2020] Sportz 1.2 Kappa VTVT",Hyundai,"Grand i10",2020,petrol,43,"Kappa VTVT Petrol Engine",1197,5-Speed,Automatic,81.86,113.75,18.9,"BS V"
"Honda City V",Honda,City,2018,petrol,40,"i VTEC Engine",1497,5-Speed,Manual,117.6,145,17.4,"BS IV"
"Renault Duster [2015-2019] 110 PS RXZ 4X2 AMT",Renault,Duster,2016,diesel,50,"dCi THP Diesel Engine",1461,6-Speed,Manual,108.45,245,19.6,"BS V"
"Hyundai Elite i20 [2014-2018] Asta 1.4 CRDI",Hyundai,"Elite i20",2015,diesel,45,"U2 CRDI Diesel Engine",1396,6-Speed,Manual,88.73,219.7,22.54,"BS IV"
"Maruti Suzuki Celerio [2014-2021] ZXi (O)","Maruti Suzuki",Celerio,2018,petrol,35,K10B,998,5-Speed,Automatic,67,90,23.1,"BS IV"
"Maruti Suzuki A-Star [2012-2014] VXI (ABS) AT","Maruti Suzuki",A-Star,2012,petrol,35,K10B,998,4-Speed,Automatic,67,90,16.98,"BS IV"
"Maruti Suzuki Swift [2007-2011] VXI ABS","Maruti Suzuki",Swift,2011,petrol,43,"In-Line Engine",1197,5-Speed,Manual,85,113,16.1,"BS IV"
"Hyundai Creta [2015-2018] 1.6 S Plus Auto",Hyundai,Creta,2017,diesel,60,"U2 VGT CRDi",1582,6-Speed,Manual,126,265,17.01,"BS IV"
"Maruti Suzuki S-Cross [2015-2020] Zeta 1.3","Maruti Suzuki",S-Cross,2015,diesel,48,"DDiS 200",1248,5-Speed,Automatic,89,200,23.65,"BS V"
"Hyundai Grand i10 [2013-2017] Sportz 1.2 Kappa VTVT",Hyundai,"Grand i10",2015,petrol,43,"Kappa VTVT Petrol Engine",1197,5-Speed,Manual,82,114,18.9,"BS IV"
"Hyundai Verna [2011-2015] Fluidic 1.6 VTVT SX",Hyundai,Verna,2013,petrol,43,"Front Wheel Drive",1591,5-Speed,Automatic,121,158,17.01,"BS III"
"Skoda Superb [2019-2020] L&K TSI AT",Skoda,Superb,2019,petrol,66,"Turbocharged petrol engine, in-line, liquid cooling system, direct injection, 16V DOHC, transverse in front",1798,7-Speed,Automatic,177,250,14.67,"BS V"
"Honda City VX",Honda,City,2021,petrol,40,"1.5L i-VTEC Petrol Engine",1498,6-Speed,Manual,119.3,145,18.4,"BS IV"
"Maruti Suzuki Baleno [2019-2022] Zeta AT Petrol","Maruti Suzuki",Baleno,2019,petrol,37,"1.2L VVT Engine",1596,5-Speed,Manual,81.8,113,21.01,"BS V"
"Maruti Suzuki Dzire [2017-2020] ZXi Plus AMT","Maruti Suzuki",Dzire,2017,petrol,37,"1.2 Litre Petrol Engine",1696,5-Speed,Automatic,88.5,113,24.12,"BS V"
"Maruti Suzuki Celerio [2014-2021] VXi AMT","Maruti Suzuki",Celerio,2014,petrol,35,K10B,998,5-Speed,Automatic,67.04,90,23.1,"BS IV"
"Maruti Suzuki Ertiga [2012-2015] Vxi","Maruti Suzuki",Ertiga,2013,petrol,45,"K-Series Petrol Engine with VVT",1373,5-Speed,Manual,93.7,130,16.02,"BS III"
"Tata Tiago [2016-2020] Revotron XT",Tata,Tiago,2019,petrol,35,"Revotron Engine",1199,5-Speed,Automatic,84,114,23.84,"BS V"
"Hyundai Grand i10 [2017-2020] Sportz (O) 1.2 kappa VTVT",Hyundai,"Grand i10",2018,petrol,43,"Kappa VTVT Petrol Engine",1197,5-Speed,Automatic,81.86,113.75,18.9,"BS V"
"Chevrolet Beat [2011-2014] LS Diesel",Chevrolet,Beat,2013,diesel,35,"XSDE Smartech",936,5-Speed,Manual,58,150,25.44,"BS IV"
"Renault Kwid [2015-2019] RXL",Renault,Kwid,2018,petrol,28,"Petrol Engine",799,5-Speed,Manual,53.3,72,25.17,"BS V"
"Hyundai Venue [2019-2022] SX Plus 1.0 Turbo DCT",Hyundai,Venue,2019,petrol,45,"Kappa 1.0 L Turbo GDi Petrol",998,7-Speed,Manual,118.35,171.6,18.15,"BS V"
"Honda Amaze 1.5 VX CVT i-DTEC",Honda,Amaze,2019,diesel,35,i-DTEC,1199,5-Speed,Manual,79,160,21,"BS IV"
"Maruti Suzuki Baleno [2015-2019] Zeta Petrol","Maruti Suzuki",Baleno,2015,petrol,37,"1.2L VVT Engine",1197,5-Speed,Manual,81.8,113,21.01,"BS V"
"Maruti Suzuki Vitara Brezza [2016-2020] ZDI PLUS Dual Tone","Maruti Suzuki","Vitara Brezza",2016,diesel,48,"DDiS 200 Diesel Engine",1248,5-Speed,Automatic,88.5,200,24.3,"BS V"
"Hyundai i20 [2012-2014] Asta 1.2",Hyundai,i20,2014,petrol,45,"Kappa VTVT Petrol Engine",1197,5-Speed,Manual,82.85,113.7,18.5,"BS IV"
"Maruti Suzuki Celerio [2014-2021] ZXi AMT","Maruti Suzuki",Celerio,2018,petrol,35,K10B,998,5-Speed,Automatic,67.04,90,23.1,"BS IV"
"Maruti Suzuki Ciaz [2014-2017] ZXI+","Maruti Suzuki",Ciaz,2017,petrol,43,"k14B VVT Engine",1373,5-Speed,Manual,91.1,130,20.73,"BS IV"
"Ford Figo [2019-2021] Titanium Diesel",Ford,Figo,2019,diesel,40,"TDCi Diesel Engine",1596,5-Speed,Manual,98.96,215,24.4,"BS V"
"Honda Jazz [2015-2020] SV MT",Honda,Jazz,2017,petrol,40,"i-VTEC Petrol Engine",1199,5-Speed,Automatic,88.7,110,18.7,"BS V"
"Hyundai Grand i10 Nios Sportz AMT 1.2 Kappa VTVT",Hyundai,"Grand i10 Nios",2021,petrol,37,"1.2 L Kappa Petrol",1197,5-Speed,Manual,81.86,113.75,20.07,"BS IV"
"Honda Amaze [2013-2018] 1.2 VX i-VTEC",Honda,Amaze,2014,petrol,35,"4-Cylinder, SOHC i-VTEC",1198,5-Speed,Manual,86.9,109,18,"BS IV"
"Tata Nano GenX [2015-2018] XT",Tata,"Nano GenX",2015,petrol,24,"2 cylinder, MPFI, Gasoline",624,4-Speed,Manual,37,51,23.6,"BS IV"
"Renault Kwid [2017-2019] RXT 1.0 SCE Special (O)",Renault,Kwid,2019,petrol,28,"Petrol Engine",999,5-Speed,Manual,67,91,23.01,"BS V"
"Ford Figo [2015-2019] Titanium1.5 TDCi",Ford,Figo,2016,diesel,40,TDCi,1498,5-Speed,Manual,99,215,25.83,"BS V"
"Renault Triber RXZ",Renault,Triber,2021,petrol,40,"1.0L Petrol Engine",999,5-Speed,Manual,71,96,20,"BS IV"
"Maruti Suzuki Ciaz [2014-2017] ZXI+","Maruti Suzuki",Ciaz,2015,petrol,43,"k14B VVT Engine",1373,5-Speed,Manual,91.1,130,20.73,"BS IV"
"Maruti Suzuki Swift [2007-2011] VXi","Maruti Suzuki",Swift,2011,petrol,43,"In-Line Engine",1197,5-Speed,Manual,85,113,16.1,"BS IV"
"Honda City V",Honda,City,2021,petrol,40,"i VTEC Engine",1497,5-Speed,Manual,117.6,145,17.4,"BS IV"
"Honda City V",Honda,City,2020,petrol,40,"i VTEC Engine",1497,5-Speed,Manual,117.6,145,17.4,"BS IV"
"Hyundai Grand i10 [2017-2020] Magna 1.2 Kappa VTVT",Hyundai,"Grand i10",2017,petrol,43,"Kappa VTVT Petrol Engine",1197,5-Speed,Automatic,81.86,113.75,18.9,"BS V"
"Tata Altroz XE 1.5",Tata,Altroz,2021,diesel,37,"1.5 L Turbocharged Revotorq",1497,5-Speed,Manual,89,200,23,"BS IV"
"Mahindra XUV 300 W8 Diesel",Mahindra,"XUV 300",2020,diesel,42,"1.5L Turbo Diesel",1497,6-Speed,Manual,115,300,20,"BS IV"
"Hyundai Grand i10 [2013-2017] Sportz 1.2 Kappa VTVT",Hyundai,"Grand i10",2014,petrol,43,"Kappa VTVT Petrol Engine",1197,5-Speed,Manual,82,114,18.9,"BS IV"
"Hyundai Grand i10 [2017-2020] Sportz 1.2 Kappa VTVT",Hyundai,"Grand i10",2018,petrol,43,"Kappa VTVT Petrol Engine",1197,5-Speed,Automatic,81.86,113.75,18.9,"BS V"
"Maruti Suzuki Celerio ZXi Plus","Maruti Suzuki",Celerio,2021,petrol,35,"K10B Engine",998,5-Speed,Manual,67.04,90,21.63,"BS IV"
"Maruti Suzuki Eeco AC 5 STR","Maruti Suzuki",Eeco,2020,petrol,40,"Aluminium 32 bit",1197,5-Speed,Manual,72.42,98,16.11,"BS IV"
"Maruti Suzuki Wagon R 1.0 [2015-2019] VXI AMT","Maruti Suzuki","Wagon R 1.0",2016,petrol,32,"K10B Petrol Engine",998,5-Speed,Manual,67.05,90,21.79,"BS V"
"Maruti Suzuki Celerio [2014-2021] ZXi AMT","Maruti Suzuki",Celerio,2017,petrol,35,K10B,998,5-Speed,Automatic,67.04,90,23.1,"BS IV"
"Honda City [2017-2020] VX",Honda,City,2017,petrol,40,"i VTEC Engine",1497,5-Speed,Automatic,117.6,145,17.4,"BS V"
"Honda Brio [2011-2016] S MT",Honda,Brio,2012,petrol,35,"4 cylinder inline petrol",1198,5-Speed,Manual,86.8,109,19.4,"BS III"
"Honda Amaze 1.2 V CVT Petrol",Honda,Amaze,2018,petrol,35,"i-VTEC Petrol Engine",1199,5-Speed,Manual,88.76,110,18.3,"BS IV"
"Hyundai i20 [2012-2014] Sportz 1.2",Hyundai,i20,2012,petrol,45,"Kappa VTVT Petrol Engine",1197,5-Speed,Manual,82.85,113,18.5,"BS IV"
"Honda WR-V i-DTEC VX",Honda,WR-V,2018,diesel,40,"i-DTEC Diesel engine",1498,6-Speed,Manual,97.89,200,23.7,"BS IV"
"Hyundai i20 [2012-2014] Sportz 1.2",Hyundai,i20,2013,petrol,45,"Kappa VTVT Petrol Engine",1197,5-Speed,Manual,82.85,113,18.5,"BS IV"
"Mahindra XUV500 [2015-2018] W10",Mahindra,XUV500,2017,diesel,70,"4 cylinder mHawk CRDe diesel engine",2179,6-Speed,Manual,140,330,16,"BS IV"
"Chevrolet Cruze [2009-2017] LTZ AT",Chevrolet,Cruze,2015,diesel,60,"VCDi 16V SOHC",1991,6-Speed,Automatic,164,380,14.81,"BS IV"
"Hyundai Eon [2011-2018] Magna +",Hyundai,Eon,2018,petrol,32,"Kappa Engine",814,5-Speed,Manual,68.05,94.14,20.03,"BS IV"
"Ford EcoSport [2015-2017] Titanium 1.5L Ti-VCT AT",Ford,EcoSport,2016,petrol,52,"1.5L Ti-VCT (Petrol)",1499,6-Speed,Automatic,110,140,16.5,"BS IV"
"Maruti Suzuki Ciaz [2014-2017] ZXI+","Maruti Suzuki",Ciaz,2015,petrol,43,"k14B VVT Engine",1373,5-Speed,Manual,91.1,130,20.73,"BS IV"
"Hyundai Elite i20 [2014-2018] Sportz 1.2",Hyundai,"Elite i20",2016,petrol,45,"Kappa VTVT Petrol Engine",1197,5-Speed,Manual,81.83,114.7,18.6,"BS IV"
"Maruti Suzuki Ciaz [2017-2018] Alpha AT","Maruti Suzuki",Ciaz,2018,petrol,43,"k14B VVT Engine",1373,4-Speed,Manual,91.1,130,20.73,"BS IV"
"Hyundai Creta [2015-2018] 1.6 SX Plus Auto Petrol",Hyundai,Creta,2017,petrol,60,"Petrol Dual VTVT",1591,6-Speed,Manual,122,154,15.29,"BS IV"
"Hyundai Elite i20 [2014-2018] Asta 1.2",Hyundai,"Elite i20",2015,petrol,45,"Kappa VTVT Petrol Engine",1197,5-Speed,Manual,81.83,114.7,18.6,"BS IV"
"Tata Harrier XZ Dual Tone",Tata,Harrier,2020,diesel,50,"Kryotec 2.0 L Turbocharge",1956,6-Speed,Manual,138,350,17,"BS IV"
"Maruti Suzuki Dzire [2017-2020] ZXi Plus","Maruti Suzuki",Dzire,2019,petrol,37,"1.2 Litre Petrol Engine",1197,5-Speed,Automatic,88.5,113,23.26,"BS V"
"Mahindra Scorpio [2014-2017] S4 Plus",Mahindra,Scorpio,2017,diesel,60,"4 cylinder mHawk CRDe diesel engine",2179,5-Speed,Manual,120,280,15.4,"BS IV"
"Maruti Suzuki Baleno [2015-2019] Alpha Diesel","Maruti Suzuki",Baleno,2018,diesel,37,"DDiS 200",1248,5-Speed,Manual,74,190,27.39,"BS V"
"Maruti Suzuki Swift Dzire [2012-2017] VXi","Maruti Suzuki","Swift Dzire",2013,petrol,42,"K Series VVT Engine",1197,5-Speed,Manual,85.8,114,19.1,"BS IV"
"Hyundai i10 [2010-2016] Magna Petrol",Hyundai,i10,2014,petrol,35,"4 cylinder inline petrol engine",1197,5-Speed,Manual,68,99.08,19.81,"BS III"
"Toyota Yaris [2018-2021] VX CVT",Toyota,Yaris,2020,petrol,42,"1.5 Dual VVT-i Engine",1596,5-Speed,Manual,105.94,140,18.1,"BS IV"
"Hyundai Creta [2015-2018] 1.6 S Petrol",Hyundai,Creta,2016,petrol,60,"Petrol Dual VTVT",1591,6-Speed,Manual,122,154,15.29,"BS IV"
"Hyundai Xcent [2014-2017] SX (O) Petrol",Hyundai,Xcent,2014,petrol,43,"Kappa VTVT Petrol Engine",1197,5-Speed,Manual,82,114,19.1,"BS IV"
"Maruti Suzuki Alto 800 [2016-2019] Lxi","Maruti Suzuki","Alto 800",2019,petrol,35,"F8D Petrol Engine",796,5-Speed,Manual,47.3,69,24.7,"BS V"
"Maruti Suzuki Alto 800 Lxi","Maruti Suzuki","Alto 800",2021,petrol,35,"F8D Petrol Engine",796,5-Speed,Manual,47.33,69,22.05,"BS IV"
"Maruti Suzuki Alto 800 [2016-2019] Vxi","Maruti Suzuki","Alto 800",2018,petrol,35,"F8D Petrol Engine",796,5-Speed,Manual,47.3,69,22,"BS V"
"Maruti Suzuki Alto K10 [2014-2019] VXi (O)","Maruti Suzuki","Alto K10",2016,petrol,35,K10B,998,5-Speed,Manual,67,90,24.07,"BS V"
"Hyundai Elite i20 [2014-2018] Asta 1.2 Dual Tone",Hyundai,"Elite i20",2018,petrol,45,"Kappa VTVT Petrol Engine",1197,5-Speed,Manual,81.83,114.7,18.6,"BS IV"
"Hyundai Creta [2015-2018] 1.6 SX Plus Petrol",Hyundai,Creta,2016,petrol,60,"Petrol Dual VTVT",1591,6-Speed,Manual,122,154,15.29,"BS IV"
"Renault Kwid 1.0 RXT Opt",Renault,Kwid,2022,petrol,28,"Petrol Engine",1298,5-Speed,Automatic,67,91,22,"BS IV"
"Maruti Suzuki Celerio [2014-2021] VXi","Maruti Suzuki",Celerio,2015,petrol,35,K10B,998,5-Speed,Automatic,67.04,90,23.1,"BS IV"
"Honda WR-V VX i-VTEC",Honda,WR-V,2019,petrol,40,"i-VTEC Petrol engine",1199,5-Speed,Manual,88.5,110,16.5,"BS IV"
"Renault Duster RXS Petrol",Renault,Duster,2021,petrol,50,"1.5L Petrol",1498,5-Speed,Manual,104.55,142,16.42,"BS IV"
"Renault Duster [2012-2015] 85 PS RxL (Opt)",Renault,Duster,2014,diesel,50,"1.5 dCI K9K HP Diesel engine",1461,5-Speed,Manual,84,200,20.45,"BS III"
"Hyundai Elite i20 [2014-2018] Sportz 1.4 CRDI",Hyundai,"Elite i20",2016,diesel,45,"16 Valves, 4 Cylinder",1396,6-Speed,Manual,89,220,22.54,"BS IV"
"Hyundai Elite i20 [2018-2020] Asta 1.4 CRDI",Hyundai,"Elite i20",2018,diesel,45,"16 Valves, 4 Cylinder",1396,6-Speed,Automatic,89,220,22.54,"BS V"
"Ford Figo [2019-2021] Titanium Diesel",Ford,Figo,2019,diesel,40,"TDCi Diesel Engine",1596,5-Speed,Manual,98.96,215,24.4,"BS V"
"Hyundai Creta [2015-2018] 1.6 SX Plus Auto",Hyundai,Creta,2016,diesel,60,"U2 VGT CRDi",1596,6-Speed,Manual,126,265,17.01,"BS IV"
"Hyundai Elite i20 [2014-2018] Sportz 1.2",Hyundai,"Elite i20",2016,petrol,45,"Kappa VTVT Petrol Engine",1197,5-Speed,Manual,81.83,114.7,18.6,"BS IV"
"Hyundai Eon [2011-2018] Era +",Hyundai,Eon,2018,petrol,32,"Petrol Engine",814,5-Speed,Manual,55.2,74.5,21.1,"BS IV"
"Hyundai Creta [2018-2020] 1.6 SX OPT VTVT",Hyundai,Creta,2018,petrol,55,"VTVT Petrol Engine",1591,6-Speed,Automatic,121.3,151,15.8,"BS V"
"Maruti Suzuki Alto K10 [2010-2014] VXi","Maruti Suzuki","Alto K10",2011,petrol,35,"K Series Petrol Engine",998,5-Speed,Manual,67.1,90,20.92,"BS IV"
"Maruti Suzuki S-Presso VXI+","Maruti Suzuki",S-Presso,2021,petrol,27,"K10B Petrol Engine",998,5-Speed,Manual,67,90,21.01,"BS IV"
"Honda City V",Honda,City,2017,petrol,40,"i VTEC Engine",1497,5-Speed,Manual,117.6,145,17.4,"BS IV"
"Hyundai Elite i20 [2018-2020] Sportz Plus 1.2",Hyundai,"Elite i20",2020,petrol,40,"Kappa VTVT Petrol Engine",1197,5-Speed,Automatic,81.86,117,18.6,"BS V"
"Hyundai Creta [2015-2018] 1.6 SX Plus Petrol",Hyundai,Creta,2017,petrol,60,"Petrol Dual VTVT",1591,6-Speed,Manual,122,154,15.29,"BS IV"
"Maruti Suzuki Ciaz Alpha(Petrol)","Maruti Suzuki",Ciaz,2017,petrol,43,"k14B VVT Engine",1373,5-Speed,Manual,91.1,130,20.73,"BS IV"
"Maruti Suzuki Alto K10 [2014-2019] VXi (O)","Maruti Suzuki","Alto K10",2019,petrol,35,K10B,998,5-Speed,Manual,67,90,24.07,"BS V"
"Maruti Suzuki Dzire [2017-2020] ZXi Plus AMT","Maruti Suzuki",Dzire,2017,petrol,37,"1.2 Litre Petrol Engine",1696,5-Speed,Automatic,88.5,113,24.12,"BS V"
"Ford EcoSport [2015-2017] Titanium+ 1.0L EcoBoost",Ford,EcoSport,2016,petrol,52,"1.0L Ecoboost (Petrol)",1298,5-Speed,Automatic,124,170,18.9,"BS IV"
"Hyundai Eon [2011-2018] Era +",Hyundai,Eon,2012,petrol,32,"Petrol Engine",814,5-Speed,Manual,55.2,74.5,21.1,"BS IV"
"Hyundai Elite i20 [2014-2018] Sportz 1.2",Hyundai,"Elite i20",2016,petrol,45,"Kappa VTVT Petrol Engine",1197,5-Speed,Manual,81.83,114.7,18.6,"BS IV"
"Maruti Suzuki S-Cross Alpha 1.5","Maruti Suzuki",S-Cross,2020,petrol,48,"K15B Smart Hybrid",1462,5-Speed,Manual,103.25,138,18.55,"BS IV"
"Hyundai Elite i20 [2014-2018] Asta 1.2 (O)",Hyundai,"Elite i20",2016,petrol,45,"1.2 Kappa petrol with dual VTVT, 16 Valves, 4 Cylinder",1197,5-Speed,Manual,82,115,18.6,"BS IV"
"MG Motors Hector 2.0 Sharp","MG Motors",Hector,2020,diesel,60,FWD,1596,5-Speed,Manual,167.68,350,17.41,"BS IV"
"Hyundai Creta [2015-2018] 1.6 SX Plus Petrol",Hyundai,Creta,2016,petrol,60,"Petrol Dual VTVT",1591,6-Speed,Manual,122,154,15.29,"BS IV"
"Hyundai Elite i20 [2018-2020] Sportz 1.2",Hyundai,"Elite i20",2018,petrol,45,"1.2 Kappa petrol with dual VTVT, 16 Valves, 4 Cylinder",1197,5-Speed,Automatic,82,115,18.6,"BS V"
"Volkswagen Polo [2010-2014] Comfortline 1.2L (P)",Volkswagen,Polo,2011,petrol,45,"MPI Petrol Engine",1199,5-Speed,Manual,74,110,16.2,"BS IV"
"Volkswagen Ameo [2016-2020] Highline1.2L Plus (P)",Volkswagen,Ameo,2017,petrol,45,"MPI Petrol Engine",1298,5-Speed,Automatic,73.75,110,17,"BS V"
"Hyundai i10 [2010-2016] Era Petrol",Hyundai,i10,2013,petrol,35,"4 cylinder inline petrol engine",1086,5-Speed,Manual,68.05,99.04,19.81,"BS III"
"Maruti Suzuki Ritz [2012-2017] Vxi","Maruti Suzuki",Ritz,2015,petrol,43,"inline 4 cylinder petrol engine",1197,5-Speed,Manual,85,113,18.5,"BS IV"
"Maruti Suzuki Ritz [2012-2017] Vxi","Maruti Suzuki",Ritz,2013,petrol,43,"inline 4 cylinder petrol engine",1197,5-Speed,Manual,85,113,18.5,"BS IV"
"Hyundai Elite i20 [2018-2020] Asta 1.2",Hyundai,"Elite i20",2018,petrol,45,"1.2 Kappa petrol with dual VTVT, 16 Valves, 4 Cylinder",1197,5-Speed,Automatic,82,115,18.6,"BS V"
"Kia Seltos GTX Plus",Kia,Seltos,2020,petrol,50,"Smartstream G1.4 T-GDi",1353,6-Speed,Manual,138,242,16.1,"BS IV"
"Hyundai Eon [2011-2018] Era +",Hyundai,Eon,2013,petrol,32,"Petrol Engine",814,5-Speed,Manual,55.2,74.5,21.1,"BS IV"
"Hyundai Fluidic Verna 4S [2015-2017] 1.6 CRDi SX",Hyundai,"Fluidic Verna 4S",2017,diesel,43,"1.6L U2 CRDi VGT 6 Speed Manual Transmission",1582,6-Speed,Manual,126,260,24.8,"BS IV"
"Maruti Suzuki Wagon R 1.0 [2010-2019] VXI","Maruti Suzuki","Wagon R 1.0",2012,petrol,35,"K Series Petrol Engine",998,5-Speed,Manual,67.1,90,18.9,"BS V"
"Hyundai Verna [2011-2015] Fluidic 1.6 CRDi SX",Hyundai,Verna,2014,diesel,43,"Diesel Engine",1582,6-Speed,Manual,126,260,21.9,"BS III"
"Renault Kwid RXL",Renault,Kwid,2021,petrol,28,0.8L,799,5-Speed,Automatic,53,72,20.71,"BS IV"
"Renault Kwid [2016-2019] 1.0 RXT",Renault,Kwid,2017,petrol,28,"Petrol Engine",999,5-Speed,Manual,67,91,23.01,"BS V"
"Hyundai Creta [2015-2018] 1.6 SX Plus Petrol",Hyundai,Creta,2017,petrol,60,"Petrol Dual VTVT",1591,6-Speed,Manual,122,154,15.29,"BS IV"
"Maruti Suzuki Alto K10 [2014-2019] VXi (O)","Maruti Suzuki","Alto K10",2016,petrol,35,K10B,998,5-Speed,Manual,67,90,24.07,"BS V"
"Maruti Suzuki Ritz [2009-2012] VXI","Maruti Suzuki",Ritz,2012,petrol,45,"KB Series",1197,5-Speed,Manual,85,113,18.5,"BS IV"
"Hyundai Elite i20 [2018-2020] Sportz Plus 1.2",Hyundai,"Elite i20",2020,petrol,40,"Kappa VTVT Petrol Engine",1197,5-Speed,Automatic,81.86,117,18.6,"BS V"
"Ford EcoSport [2015-2017] Titanium 1.5L Ti-VCT",Ford,EcoSport,2017,petrol,52,"1.5L Ti-VCT (Petrol)",1499,5-Speed,Manual,110,140,15.8,"BS IV"
"Hyundai Verna [2017-2020] 1.6 VTVT SX (O) AT",Hyundai,Verna,2019,petrol,45,"VTVT Petrol Engine",1591,6-Speed,Automatic,121.3,151,17,"BS V"
"Hyundai i10 [2010-2016] Magna 1.2 Petrol",Hyundai,i10,2012,petrol,35,"Kappa Petrol Engine",1197,5-Speed,Manual,78.9,111.7,20.36,"BS III"
"Datsun Redi-GO [2015-2019] T (O)",Datsun,Redi-GO,2017,petrol,28,"0.8L Petrol Engine",799,5-Speed,Manual,53.64,72,20.71,"BS V"
"Hyundai i20 [2012-2014] Asta 1.2",Hyundai,i20,2013,petrol,45,"Kappa VTVT Petrol Engine",1197,5-Speed,Manual,82.85,113.7,18.5,"BS IV"
"Honda City [2017-2020] VX",Honda,City,2018,petrol,40,"i VTEC Engine",1497,5-Speed,Automatic,117.6,145,17.4,"BS V"
"Maruti Suzuki Celerio [2014-2021] ZXi (O) AMT","Maruti Suzuki",Celerio,2017,petrol,35,"K10B Engine",998,5-Speed,Automatic,67.04,90,23.1,"BS IV"
"Honda Jazz [2015-2020] SV MT",Honda,Jazz,2016,petrol,40,"i-VTEC Petrol Engine",1199,5-Speed,Automatic,88.7,110,18.7,"BS V"
"Hyundai Creta [2015-2018] 1.6 SX Plus Petrol",Hyundai,Creta,2018,petrol,60,"Petrol Dual VTVT",1591,6-Speed,Manual,122,154,15.29,"BS IV"
"Hyundai Creta [2018-2020] 1.6 SX VTVT",Hyundai,Creta,2019,petrol,55,"VTVT Petrol Engine",1696,6-Speed,Automatic,121.33,151,16.8,"BS V"
"Honda City [2014-2017] VX CVT",Honda,City,2015,petrol,40,"i VTEC Engine",1497,5-Speed,Manual,117.3,145,18,"BS IV"
"Hyundai Creta [2015-2018] 1.6 SX Plus Petrol",Hyundai,Creta,2017,petrol,60,"Petrol Dual VTVT",1591,6-Speed,Manual,122,154,15.29,"BS IV"
"Hyundai i10 [2010-2016] Magna Petrol",Hyundai,i10,2014,petrol,35,"4 cylinder inline petrol engine",1197,5-Speed,Manual,68,99.08,19.81,"BS III"
"Honda Jazz V MT",Honda,Jazz,2018,petrol,40,"1.2 i-VTEC Petrol",1199,5-Speed,Manual,88.51,110,16.6,"BS IV"
"Hyundai Eon [2011-2018] Era +",Hyundai,Eon,2015,petrol,32,"Petrol Engine",814,5-Speed,Manual,55.2,74.5,21.1,"BS IV"
"Ford Figo Aspire [2019-2021] Titanium Plus 1.2 Ti-VCT",Ford,"Figo Aspire",2020,petrol,42,"Ti-VCT Petrol Engine",1798,5-Speed,Manual,94.93,119,18.5,"BS V"
"Maruti Suzuki Ertiga [2015-2018] ZDI + SHVS","Maruti Suzuki",Ertiga,2016,diesel,45,"DDiS Diesel Engine",1248,5-Speed,Manual,89,200,24.52,"BS IV"
"Maruti Suzuki Alto K10 [2010-2014] VXi","Maruti Suzuki","Alto K10",2011,petrol,35,"K Series Petrol Engine",998,5-Speed,Manual,67.1,90,20.92,"BS IV"
"Hyundai Elite i20 [2014-2018] Asta 1.2",Hyundai,"Elite i20",2017,petrol,45,"Kappa VTVT Petrol Engine",1197,5-Speed,Manual,81.83,114.7,18.6,"BS IV"
"Maruti Suzuki Ritz [2012-2017] Zxi","Maruti Suzuki",Ritz,2014,petrol,43,"inline 4 cylinder petrol engine",1197,5-Speed,Manual,85,113,18.5,"BS IV"
"Maruti Suzuki Celerio [2014-2021] VXi AMT","Maruti Suzuki",Celerio,2015,petrol,35,K10B,998,5-Speed,Automatic,67.04,90,23.1,"BS IV"
"Ford Figo Aspire [2015-2019] Titanium 1.2 Ti-VCT",Ford,"Figo Aspire",2017,petrol,42,"Ti-VCT Petrol Engine",1194,5-Speed,Manual,94.93,119,18.5,"BS V"
"Hyundai Verna [2017-2020] 1.6 VTVT SX (O) AT",Hyundai,Verna,2017,petrol,45,"VTVT Petrol Engine",1591,6-Speed,Automatic,121.3,151,17,"BS V"
"Hyundai i10 [2010-2016] Sportz Petrol",Hyundai,i10,2015,petrol,35,"DOHC Kappa2 Engine",1197,5-Speed,Manual,78.9,111.8,20.36,"BS III"
"Maruti Suzuki Ertiga [2015-2018] ZDI","Maruti Suzuki",Ertiga,2016,diesel,45,"DDiS Diesel Engine",1248,5-Speed,Manual,89,200,24.52,"BS IV"
"Hyundai Elite i20 [2014-2018] Sportz 1.4 CRDI",Hyundai,"Elite i20",2016,diesel,45,"16 Valves, 4 Cylinder",1396,6-Speed,Manual,89,220,22.54,"BS IV"
"Hyundai Xcent [2014-2017] SX AT (O) Petrol",Hyundai,Xcent,2014,petrol,43,"1.2 Kappa Dual VTVT Petrol",1197,4-Speed,Automatic,81,114,16.1,"BS IV"
"Kia Seltos GTX Plus",Kia,Seltos,2019,petrol,50,"Smartstream G1.4 T-GDi",1353,6-Speed,Manual,138,242,16.1,"BS IV"
"Maruti Suzuki Wagon R 1.0 [2010-2019] LXI","Maruti Suzuki","Wagon R 1.0",2011,petrol,35,"K Series Petrol Engine",998,5-Speed,Manual,67.1,90,18.9,"BS V"
"Mahindra Scorpio [2014-2017] S4 Plus",Mahindra,Scorpio,2015,diesel,60,"4 cylinder mHawk CRDe diesel engine",2179,5-Speed,Manual,120,280,15.4,"BS IV"
"Hyundai Elite i20 [2018-2020] Asta 1.2",Hyundai,"Elite i20",2018,petrol,45,"1.2 Kappa petrol with dual VTVT, 16 Valves, 4 Cylinder",1197,5-Speed,Automatic,82,115,18.6,"BS V"
"Hyundai Verna [2011-2015] Fluidic 1.6 VTVT SX Opt AT",Hyundai,Verna,2013,petrol,43,"Front Wheel Drive",1591,4-Speed,Automatic,121,158,16.61,"BS III"
"Maruti Suzuki Ciaz Alpha Petrol","Maruti Suzuki",Ciaz,2019,petrol,43,"K15 Smart Hybrid Petrol E",1696,5-Speed,Manual,103.25,138,20.65,"BS IV"
"Honda City [2014-2017] V",Honda,City,2015,petrol,40,"i VTEC Engine",1497,5-Speed,Manual,117.3,145,17.8,"BS IV"
"Maruti Suzuki Ritz [2012-2017] Zxi","Maruti Suzuki",Ritz,2014,petrol,43,"inline 4 cylinder petrol engine",1197,5-Speed,Manual,85,113,18.5,"BS IV"
"Hyundai i20 [2012-2014] Sportz 1.2",Hyundai,i20,2014,petrol,45,"Kappa VTVT Petrol Engine",1197,5-Speed,Manual,82.85,113,18.5,"BS IV"
"Hyundai Verna SX Opt Diesel",Hyundai,Verna,2020,diesel,45,"1.5 l U2 CRDi",1493,6-Speed,Manual,113,250,25,"BS IV"
"Hyundai Elite i20 [2018-2020] Sportz 1.2",Hyundai,"Elite i20",2018,petrol,45,"1.2 Kappa petrol with dual VTVT, 16 Valves, 4 Cylinder",1197,5-Speed,Automatic,82,115,18.6,"BS V"
"Hyundai Elite i20 [2014-2018] Asta 1.4 CRDI (O)",Hyundai,"Elite i20",2017,diesel,45,"U2 CRDI Diesel Engine",1396,6-Speed,Manual,88.73,219.7,22.54,"BS IV"
"Maruti Suzuki Dzire [2017-2020] ZXi Plus","Maruti Suzuki",Dzire,2018,petrol,37,"1.2 Litre Petrol Engine",1197,5-Speed,Automatic,88.5,113,23.26,"BS V"
"Mahindra XUV 300 W8 (O) Diesel",Mahindra,"XUV 300",2020,diesel,42,"1.5L Turbo Diesel",1497,6-Speed,Manual,115,300,20,"BS IV"
"Maruti Suzuki Alto K10 [2010-2014] VXi","Maruti Suzuki","Alto K10",2013,petrol,35,"K Series Petrol Engine",998,5-Speed,Manual,67.1,90,20.92,"BS IV"
"Maruti Suzuki Alto K10 [2010-2014] LXi","Maruti Suzuki","Alto K10",2011,petrol,35,K10B,998,5-Speed,Manual,67.1,90,20.92,"BS IV"
"Maruti Suzuki Ciaz Alpha Petrol","Maruti Suzuki",Ciaz,2020,petrol,43,"K15 Smart Hybrid Petrol E",1696,5-Speed,Manual,103.25,138,20.65,"BS IV"
"Ford Freestyle [2017-2021] Titanium 1.2",Ford,Freestyle,2018,petrol,42,"1.2 litre Petrol Engine",1298,5-Speed,Automatic,94.93,119,18.5,"BS IV"
"Maruti Suzuki Ciaz Alpha Petrol","Maruti Suzuki",Ciaz,2020,petrol,43,"K15 Smart Hybrid Petrol E",1696,5-Speed,Manual,103.25,138,20.65,"BS IV"
"Maruti Suzuki Alto K10 [2010-2014] VXi","Maruti Suzuki","Alto K10",2011,petrol,35,"K Series Petrol Engine",998,5-Speed,Manual,67.1,90,20.92,"BS IV"
"Hyundai Creta [2015-2018] 1.6 SX Plus Petrol",Hyundai,Creta,2016,petrol,60,"Petrol Dual VTVT",1591,6-Speed,Manual,122,154,15.29,"BS IV"
"Hyundai Elite i20 [2014-2018] Asta 1.2 (O)",Hyundai,"Elite i20",2015,petrol,45,"1.2 Kappa petrol with dual VTVT, 16 Valves, 4 Cylinder",1197,5-Speed,Manual,82,115,18.6,"BS IV"
"Maruti Suzuki Ritz [2012-2017] Vxi","Maruti Suzuki",Ritz,2014,petrol,43,"inline 4 cylinder petrol engine",1197,5-Speed,Manual,85,113,18.5,"BS IV"
"Hyundai Verna [2011-2015] Fluidic 1.6 CRDi SX Opt AT",Hyundai,Verna,2014,diesel,43,"Front Wheel Drive",1582,4-Speed,Manual,126,260,21.9,"BS III"
"Maruti Suzuki Alto 800 [2012-2016] Vxi","Maruti Suzuki","Alto 800",2015,petrol,35,F8D,796,5-Speed,Manual,47.3,69,22.74,"BS III"
"Renault Kiger RXZ MT Dual Tone",Renault,Kiger,2021,petrol,40,"1.0L Energy	",1298,5-Speed,Automatic,71,96,19.7,"BS IV"
"Maruti Suzuki Ritz [2012-2017] Vxi","Maruti Suzuki",Ritz,2014,petrol,43,"inline 4 cylinder petrol engine",1197,5-Speed,Manual,85,113,18.5,"BS IV"
"Maruti Suzuki Wagon R 1.0 [2010-2019] LXI","Maruti Suzuki","Wagon R 1.0",2012,petrol,35,"K Series Petrol Engine",998,5-Speed,Manual,67.1,90,18.9,"BS V"
"Hyundai Elite i20 [2018-2020] Asta 1.2",Hyundai,"Elite i20",2018,petrol,45,"1.2 Kappa petrol with dual VTVT, 16 Valves, 4 Cylinder",1197,5-Speed,Automatic,82,115,18.6,"BS V"
"Honda Jazz [2015-2020] SV MT",Honda,Jazz,2016,petrol,40,"i-VTEC Petrol Engine",1199,5-Speed,Automatic,88.7,110,18.7,"BS V"
"Maruti Suzuki Wagon R 1.0 [2010-2019] LXI","Maruti Suzuki","Wagon R 1.0",2012,petrol,35,"K Series Petrol Engine",998,5-Speed,Manual,67.1,90,18.9,"BS V"
"Honda Jazz [2015-2020] SV MT",Honda,Jazz,2016,petrol,40,"i-VTEC Petrol Engine",1199,5-Speed,Automatic,88.7,110,18.7,"BS V"
"Hyundai i10 [2010-2016] Sportz Petrol",Hyundai,i10,2014,petrol,35,"DOHC Kappa2 Engine",1197,5-Speed,Manual,78.9,111.8,20.36,"BS III"
"Ford EcoSport [2013-2015] Titanium 1.5L TDCi",Ford,EcoSport,2014,diesel,52,"TDCi Diesel Engine",1498,5-Speed,Manual,98.96,215,21.7,"BS III"
"Renault Kwid [2015-2019] RXT Opt",Renault,Kwid,2019,petrol,28,"Petrol Engine",799,5-Speed,Manual,53.3,72,25.17,"BS V"
"Kia Seltos HTX G",Kia,Seltos,2020,petrol,50,"Smartstream G1.5",1497,6-Speed,Manual,113.4,114,16.8,"BS IV"
"Kia Seltos GTX Plus",Kia,Seltos,2020,petrol,50,"Smartstream G1.4 T-GDi",1353,6-Speed,Manual,138,242,16.1,"BS IV"
"Maruti Suzuki Alto K10 [2014-2019] VXi","Maruti Suzuki","Alto K10",2019,petrol,35,K10B,998,5-Speed,Manual,67,90,24.07,"BS V"
"Maruti Suzuki Eeco 5 STR WITH A/C+HTR","Maruti Suzuki",Eeco,2017,petrol,40,"Aluminium 32 bit",1196,5-Speed,Manual,72.42,98,16.11,"BS IV"
"Renault Duster [2015-2019] 110 PS RXL 4X2 MT",Renault,Duster,2015,diesel,50,"1.5 dCI K9K THP Diesel engine",1596,5-Speed,Manual,108,248,19.6,"BS V"
"Renault Triber RXZ",Renault,Triber,2019,petrol,40,"1.0L Petrol Engine",999,5-Speed,Manual,71,96,20,"BS IV"
"Maruti Suzuki Alto 800 [2012-2016] LXI","Maruti Suzuki","Alto 800",2012,petrol,35,"F8D Petrol Engine",796,5-Speed,Manual,47.3,69,22.74,"BS III"
"Hyundai Eon [2011-2018] Era +",Hyundai,Eon,2013,petrol,32,"Petrol Engine",814,5-Speed,Manual,55.2,74.5,21.1,"BS IV"
"Maruti Suzuki Swift Dzire [2008-2012] VXI","Maruti Suzuki","Swift Dzire",2011,petrol,43,"In-Line Engine",1298,5-Speed,Manual,85.8,114,17.5,"BS IV"
"Renault Kwid [2017-2019] RXT 1.0 SCE Special (O)",Renault,Kwid,2019,petrol,28,"Petrol Engine",999,5-Speed,Manual,67,91,23.01,"BS V"
"Toyota Yaris [2018-2021] VX CVT",Toyota,Yaris,2020,petrol,42,"1.5 Dual VVT-i Engine",1596,5-Speed,Manual,105.94,140,18.1,"BS IV"
"MG Motors Hector 2.0 Sharp","MG Motors",Hector,2020,diesel,60,FWD,1596,5-Speed,Manual,167.68,350,17.41,"BS IV"
"Kia Seltos GTX Plus",Kia,Seltos,2020,petrol,50,"Smartstream G1.4 T-GDi",1353,6-Speed,Manual,138,242,16.1,"BS IV"
"Maruti Suzuki Ciaz Alpha Petrol","Maruti Suzuki",Ciaz,2019,petrol,43,"K15 Smart Hybrid Petrol E",1696,5-Speed,Manual,103.25,138,20.65,"BS IV"
"Maruti Suzuki Wagon R 1.0 [2010-2019] VXI","Maruti Suzuki","Wagon R 1.0",2011,petrol,35,"K Series Petrol Engine",998,5-Speed,Manual,67.1,90,18.9,"BS V"
"Maruti Suzuki Swift VXI","Maruti Suzuki",Swift,2021,petrol,37,"VTVT Engine",1197,5-Speed,Manual,81.8,113,21.21,"BS IV"
"Mahindra Scorpio [2014-2017] S6 Plus",Mahindra,Scorpio,2016,diesel,60,"4 cylinder mHawk CRDe diesel engine",2179,5-Speed,Manual,120,280,15.4,"BS IV"
"Maruti Suzuki Celerio [2014-2021] VXi AMT","Maruti Suzuki",Celerio,2014,petrol,35,K10B,998,5-Speed,Automatic,67.04,90,23.1,"BS IV"
"Skoda Rapid [2011-2016] Elegance 1.6 MPI AT",Skoda,Rapid,2012,petrol,55,"4 cylinder inline petrol engine",1598,6-Speed,Automatic,103,153,14.3,"BS III"
"Hyundai Venue SX 1.0  Turbo",Hyundai,Venue,2019,petrol,45,"Kappa 1.0 L Turbo GDi Petrol",998,6-Speed,Manual,118.35,171.6,18.27,"BS IV"
"Renault Triber RXZ AMT",Renault,Triber,2020,petrol,40,"1.0L Petrol Engine",999,5-Speed,Automatic,72,96,18.2,"BS IV"
"Maruti Suzuki Alto [2010-2013] LXI","Maruti Suzuki",Alto,2011,petrol,35,"In-Line Engine",796,5-Speed,Manual,46.3,62,19.7,"BS IV"
"Hyundai Grand i10 [2013-2017] Sportz 1.2 Kappa VTVT",Hyundai,"Grand i10",2014,petrol,43,"Kappa VTVT Petrol Engine",1197,5-Speed,Manual,82,114,18.9,"BS IV"
"Hyundai Verna SX Opt IVT Petrol",Hyundai,Verna,2020,petrol,45,"1.5 l MPi	",1497,5-Speed,Automatic,113,144,18.4,"BS IV"
"Maruti Suzuki Alto 800 Vxi Plus","Maruti Suzuki","Alto 800",2020,petrol,35,"F8D Petrol Engine",796,5-Speed,Manual,47.3,69,22.05,"BS IV"
"MG Motors Hector 1.5 Sharp DCT AT","MG Motors",Hector,2019,petrol,60,FWD,1451,6-Speed,Automatic,141,250,13.96,"BS IV"
"Maruti Suzuki Ciaz [2014-2017] ZXi AT","Maruti Suzuki",Ciaz,2015,petrol,43," K 14B VVT",1373,4-Speed,Automatic,91,130,19.12,"BS IV"
"Maruti Suzuki Swift Dzire [2012-2017] VXI AT","Maruti Suzuki","Swift Dzire",2014,petrol,42,"K Series VVT Engine",1197,4-Speed,Automatic,85.8,114,19.1,"BS IV"
"Ford Freestyle [2017-2021] Titanium 1.2",Ford,Freestyle,2020,petrol,42,"1.2 litre Petrol Engine",1298,5-Speed,Automatic,94.93,119,18.5,"BS IV"
"Renault Kwid [2015-2019] RXE",Renault,Kwid,2015,petrol,28,"Petrol Engine",799,5-Speed,Manual,53.3,72,25.17,"BS V"
"Maruti Suzuki Ritz [2009-2012] VXI","Maruti Suzuki",Ritz,2011,petrol,45,"KB Series",1197,5-Speed,Manual,85,113,18.5,"BS IV"
"Maruti Suzuki Celerio [2014-2021] VXi AMT","Maruti Suzuki",Celerio,2014,petrol,35,K10B,998,5-Speed,Automatic,67.04,90,23.1,"BS IV"
"Maruti Suzuki Wagon R 1.0 [2010-2019] VXI","Maruti Suzuki","Wagon R 1.0",2011,petrol,35,"K Series Petrol Engine",998,5-Speed,Manual,67.1,90,18.9,"BS V"
"Ford EcoSport [2015-2017] Titanium 1.5L Ti-VCT AT",Ford,EcoSport,2017,petrol,52,"1.5L Ti-VCT (Petrol)",1499,6-Speed,Automatic,110,140,16.5,"BS IV"
"Hyundai Creta [2015-2018] 1.6 SX",Hyundai,Creta,2017,diesel,60,"U2 VGT CRDi",1582,6-Speed,Manual,126,265,19.67,"BS IV"
"Hyundai Elite i20 [2014-2018] Sportz 1.2",Hyundai,"Elite i20",2017,petrol,45,"Kappa VTVT Petrol Engine",1197,5-Speed,Manual,81.83,114.7,18.6,"BS IV"
"Datsun GO [2014-2019] T",Datsun,GO,2014,petrol,35,"DOHC with Dual VTVT",1798,5-Speed,Manual,67.05,104,19.02,"BS V"
"Volkswagen Vento [2010-2015] Highline Petrol AT",Volkswagen,Vento,2013,petrol,55,"4 cylinder inline",1598,6-Speed,Automatic,103,153,14.4,"BS III"
"MG Motors Hector 1.5 Sharp DCT AT","MG Motors",Hector,2019,petrol,60,FWD,1451,6-Speed,Automatic,141,250,13.96,"BS IV"
"Honda WR-V VX i-VTEC",Honda,WR-V,2017,petrol,40,"i-VTEC Petrol engine",1199,5-Speed,Manual,88.5,110,16.5,"BS IV"
"Mahindra Scorpio [2014-2017] S10 AT",Mahindra,Scorpio,2015,diesel,60,"4 cylinder mHawk CRDe diesel engine",2179,6-Speed,Automatic,120,280,15.4,"BS IV"
"Hyundai Fluidic Verna 4S [2015-2018] 1.6 VTVT SX",Hyundai,"Fluidic Verna 4S",2017,petrol,43,"1.6L Gamma VTVT 5 Speed Manual Transmission",1591,5-Speed,Manual,121,158,17.4,"BS IV"
"Maruti Suzuki Ritz [2012-2017] Vxi","Maruti Suzuki",Ritz,2013,petrol,43,"inline 4 cylinder petrol engine",1197,5-Speed,Manual,85,113,18.5,"BS IV"
"Hyundai Elite i20 [2014-2018] Asta 1.4 CRDI",Hyundai,"Elite i20",2015,diesel,45,"U2 CRDI Diesel Engine",1396,6-Speed,Manual,88.73,219.7,22.54,"BS IV"
"Hyundai Verna SX Opt IVT Petrol",Hyundai,Verna,2020,petrol,45,"1.5 l MPi	",1497,5-Speed,Automatic,113,144,18.4,"BS IV"
"Hyundai Elite i20 [2014-2018] Asta 1.4 CRDI (O)",Hyundai,"Elite i20",2016,diesel,45,"U2 CRDI Diesel Engine",1396,6-Speed,Manual,88.73,219.7,22.54,"BS IV"
"MG Motors Hector 1.5 Sharp DCT AT","MG Motors",Hector,2020,petrol,60,FWD,1451,6-Speed,Automatic,141,250,13.96,"BS IV"
"Maruti Suzuki Alto K10 [2010-2014] VXi","Maruti Suzuki","Alto K10",2012,petrol,35,"K Series Petrol Engine",998,5-Speed,Manual,67.1,90,20.92,"BS IV"
"MG Motors Hector 2.0 Sharp","MG Motors",Hector,2020,diesel,60,FWD,1596,5-Speed,Manual,167.68,350,17.41,"BS IV"
"Hyundai Elite i20 [2014-2018] Asta 1.4 CRDI",Hyundai,"Elite i20",2017,diesel,45,"U2 CRDI Diesel Engine",1396,6-Speed,Manual,88.73,219.7,22.54,"BS IV"
"Hyundai Verna [2017-2020] 1.6 VTVT SX (O) AT",Hyundai,Verna,2017,petrol,45,"VTVT Petrol Engine",1591,6-Speed,Automatic,121.3,151,17,"BS V"
"Hyundai i10 [2010-2016] Sportz Petrol",Hyundai,i10,2014,petrol,35,"DOHC Kappa2 Engine",1197,5-Speed,Manual,78.9,111.8,20.36,"BS III"
"Renault Duster [2015-2016] 85 PS RXL EXPLORE",Renault,Duster,2015,diesel,50,"dCi THP Diesel Engine",1461,5-Speed,Manual,83.8,200,19.87,"BS III"
"Maruti Suzuki Ritz [2009-2012] VXI","Maruti Suzuki",Ritz,2012,petrol,45,"KB Series",1197,5-Speed,Manual,85,113,18.5,"BS IV"
"MG Motors Hector 2.0 Sharp","MG Motors",Hector,2020,diesel,60,FWD,1596,5-Speed,Manual,167.68,350,17.41,"BS IV"
"Renault Duster [2015-2019] 110 PS RXZ 4X2 MT",Renault,Duster,2018,diesel,50,"1.5 dCI K9K THP Diesel engine",1461,6-Speed,Manual,108,248,19.6,"BS V"
"MG Motors Hector 2.0 Sharp","MG Motors",Hector,2020,diesel,60,FWD,1596,5-Speed,Manual,167.68,350,17.41,"BS IV"
"Honda City V",Honda,City,2017,petrol,40,"i VTEC Engine",1497,5-Speed,Manual,117.6,145,17.4,"BS IV"
"Ford EcoSport [2013-2015] Titanium 1.5L Ti-VCT AT",Ford,EcoSport,2013,petrol,52,"1.5L Ti-VCT (Petrol)",1499,6-Speed,Automatic,109,140,16.5,"BS III"
"Maruti Suzuki Alto K10 [2014-2019] VXi (O)","Maruti Suzuki","Alto K10",2016,petrol,35,K10B,998,5-Speed,Manual,67,90,24.07,"BS V"
"Maruti Suzuki Omni [2011-2019] E 8 STR BS-IV","Maruti Suzuki",Omni,2014,petrol,36,"4 stroke cycle, Water cooled",796,4-Speed,Manual,34,59,16.8,"BS V"
"Hyundai i10 [2010-2016] Sportz Petrol",Hyundai,i10,2014,petrol,35,"DOHC Kappa2 Engine",1197,5-Speed,Manual,78.9,111.8,20.36,"BS III"
"Ford EcoSport [2017-2020] Titanium + 1.5L Ti-VCT AT",Ford,EcoSport,2018,petrol,52,"Ti-VCT Petrol Engine",1496,6-Speed,Automatic,120.69,149,14.7,"BS V"
"MG Motors Hector 2.0 Sharp","MG Motors",Hector,2021,diesel,60,FWD,1596,5-Speed,Manual,167.68,350,17.41,"BS IV"
"Hyundai Santro Xing [2007-2014] GLS",Hyundai,"Santro Xing",2011,petrol,35,"Petrol Engine",1086,5-Speed,Manual,62.1,96.1,17.92,"BS IV"
"Mahindra XUV500 [2011-2015] W8",Mahindra,XUV500,2015,diesel,70,"4 cylinder mHawk CRDe diesel engine",2179,6-Speed,Manual,140,330,15.1,"BS III"
"Ford Figo Aspire [2015-2019] Titanium 1.2 Ti-VCT",Ford,"Figo Aspire",2018,petrol,42,"Ti-VCT Petrol Engine",1194,5-Speed,Manual,94.93,119,18.5,"BS V"
"Maruti Suzuki Celerio [2014-2021] VXi AMT","Maruti Suzuki",Celerio,2014,petrol,35,K10B,998,5-Speed,Automatic,67.04,90,23.1,"BS IV"
"Volkswagen Polo [2014-2020] Highline 1.5 (D)",Volkswagen,Polo,2014,diesel,45,"TDI Diesel Engine",1498,5-Speed,Automatic,88,230,20.18,"BS V"
"Renault Kwid RXT",Renault,Kwid,2019,petrol,28,0.8L,799,5-Speed,Automatic,53,72,20.71,"BS IV"
"Renault Duster [2015-2019] 110 PS RXZ 4X2 AMT",Renault,Duster,2018,diesel,50,"dCi THP Diesel Engine",1461,6-Speed,Manual,108.45,245,19.6,"BS V"
"Honda City [2017-2020] ZX CVT",Honda,City,2017,petrol,40,"i VTEC Engine",1196,5-Speed,Automatic,117.6,145,18,"BS V"
"Honda City [2017-2020] ZX CVT",Honda,City,2018,petrol,40,"i VTEC Engine",1196,5-Speed,Automatic,117.6,145,18,"BS V"
"Ford EcoSport [2017-2020] Titanium + 1.5L Ti-VCT AT",Ford,EcoSport,2017,petrol,52,"Ti-VCT Petrol Engine",1496,6-Speed,Automatic,120.69,149,14.7,"BS V"
"Hyundai Verna [2017-2020] 1.6 VTVT SX (O) AT",Hyundai,Verna,2018,petrol,45,"VTVT Petrol Engine",1591,6-Speed,Automatic,121.3,151,17,"BS V"
"Honda Amaze [2018-2021] 1.2 VX i-VTEC",Honda,Amaze,2020,petrol,35,"i-VTEC Petrol Engine",1199,5-Speed,Manual,88.76,110,18.6,"BS IV"
"Hyundai i20 Active [2015-2020] 1.4 SX (O)",Hyundai,"i20 Active",2016,diesel,45,"1.4 U II 6 Speed Manual Transmission",1396,6-Speed,Automatic,89,220,21.19,"BS V"
"Hyundai Elite i20 [2014-2018] Asta 1.2",Hyundai,"Elite i20",2015,petrol,45,"Kappa VTVT Petrol Engine",1197,5-Speed,Manual,81.83,114.7,18.6,"BS IV"
"Maruti Suzuki Dzire [2017-2020] VDI","Maruti Suzuki",Dzire,2018,diesel,37," DDiS Diesel Engine",1248,5-Speed,Automatic,74,190,28.4,"BS V"
"Hyundai Venue SX 1.0  Turbo",Hyundai,Venue,2020,petrol,45,"Kappa 1.0 L Turbo GDi Petrol",998,6-Speed,Manual,118.35,171.6,18.27,"BS IV"
"Maruti Suzuki Celerio [2014-2021] ZXi AMT","Maruti Suzuki",Celerio,2015,petrol,35,K10B,998,5-Speed,Automatic,67.04,90,23.1,"BS IV"
"Honda City [2014-2017] SV",Honda,City,2014,petrol,40,"Front Wheel Drive",1497,5-Speed,Manual,117.3,145,17.8,"BS IV"
"Hyundai Xcent [2014-2017] S Petrol",Hyundai,Xcent,2014,petrol,43,"1.2 Kappa Dual VTVT Petrol",1197,5-Speed,Manual,81,114,19.1,"BS IV"
"Kia Seltos GTX Plus DCT",Kia,Seltos,2019,petrol,50,"Smartstream G1.4 T-GDi",1353,7-Speed,Manual,138,242,16.8,"BS IV"
"Maruti Suzuki Baleno [2015-2019] Zeta Petrol","Maruti Suzuki",Baleno,2018,petrol,37,"1.2L VVT Engine",1197,5-Speed,Manual,81.8,113,21.01,"BS V"
"Maruti Suzuki Alto 800 [2012-2016] LXI Anniversary Edition","Maruti Suzuki","Alto 800",2013,petrol,35,F8D,1596,5-Speed,Automatic,48,69,22.74,"BS III"
"Maruti Suzuki Baleno [2015-2019] Alpha Petrol","Maruti Suzuki",Baleno,2018,petrol,37,"1.2L VVT Engine",1197,5-Speed,Manual,81.8,113,21.01,"BS V"
"Maruti Suzuki Ciaz [2014-2017] ZXi AT","Maruti Suzuki",Ciaz,2016,petrol,43," K 14B VVT",1373,4-Speed,Automatic,91,130,19.12,"BS IV"
"Maruti Suzuki Baleno [2015-2019] Delta Petrol","Maruti Suzuki",Baleno,2016,petrol,37,"1.2L VVT Engine",1197,5-Speed,Manual,81.8,113,21.01,"BS V"
"Hyundai i20 Active [2015-2020] 1.2 SX",Hyundai,"i20 Active",2018,petrol,45,"1.2L Kappa 5 Speed Manual Transmission",1197,5-Speed,Automatic,82,115,17.19,"BS V"
"Hyundai Eon [2011-2018] Sportz",Hyundai,Eon,2017,petrol,32,"Petrol Engine",814,5-Speed,Manual,55.2,74.5,21.1,"BS IV"
"Maruti Suzuki S-Presso VXI+","Maruti Suzuki",S-Presso,2021,petrol,27,"K10B Petrol Engine",998,5-Speed,Manual,67,90,21.01,"BS IV"
"Maruti Suzuki Celerio [2014-2021] ZXi AMT","Maruti Suzuki",Celerio,2016,petrol,35,K10B,998,5-Speed,Automatic,67.04,90,23.1,"BS IV"
"Hyundai Elite i20 [2014-2018] Asta 1.2",Hyundai,"Elite i20",2017,petrol,45,"Kappa VTVT Petrol Engine",1197,5-Speed,Manual,81.83,114.7,18.6,"BS IV"
"Maruti Suzuki Vitara Brezza [2016-2020] ZDI PLUS Dual Tone","Maruti Suzuki","Vitara Brezza",2016,diesel,48,"DDiS 200 Diesel Engine",1248,5-Speed,Automatic,88.5,200,24.3,"BS V"
"Tata Altroz XZ 1.2",Tata,Altroz,2021,petrol,37,"1.2 L Revotron",1199,5-Speed,Manual,84.82,113,19.05,"BS IV"
"Mahindra Scorpio [2014-2017] S4 Plus",Mahindra,Scorpio,2015,diesel,60,"4 cylinder mHawk CRDe diesel engine",2179,5-Speed,Manual,120,280,15.4,"BS IV"
"Honda Amaze 1.2 VX CVT i-VTEC",Honda,Amaze,2019,petrol,35,"i-VTEC Petrol Engine",1199,5-Speed,Manual,88.76,110,18.6,"BS IV"
"Tata Punch Creative Dual Tone",Tata,Punch,2022,petrol,37,"1.2 Revotron",1199,5-Speed,Automatic,84,113,18.9,"BS IV"
"Hyundai Verna SX Opt Petrol",Hyundai,Verna,2021,petrol,45,"1.5 l MPi",1497,6-Speed,Automatic,113,144,17.7,"BS IV"
"Maruti Suzuki Dzire ZXI","Maruti Suzuki",Dzire,2021,petrol,37,"1.2 Litre Petrol Engine",1197,5-Speed,Manual,88.5,113,23.26,"BS IV"
"Maruti Suzuki Swift [2011-2017] VDi","Maruti Suzuki",Swift,2014,diesel,43,"DDiS Diesel Engine",1248,5-Speed,Manual,74,190,22.9,"BS IV"
"Maruti Suzuki Baleno [2019-2022] Alpha Petrol","Maruti Suzuki",Baleno,2019,petrol,37,"1.2L VVT Engine",1197,5-Speed,Manual,81.8,113,21.01,"BS V"
"Hyundai Venue [2019-2022] SX Plus 1.0 Turbo DCT",Hyundai,Venue,2019,petrol,45,"Kappa 1.0 L Turbo GDi Petrol",998,7-Speed,Manual,118.35,171.6,18.15,"BS V"
"Hyundai Elite i20 [2018-2020] Sportz Plus 1.2",Hyundai,"Elite i20",2019,petrol,40,"Kappa VTVT Petrol Engine",1197,5-Speed,Automatic,81.86,117,18.6,"BS V"
"Hyundai Eon [2011-2018] Era + SE",Hyundai,Eon,2017,petrol,32,"Petrol Engine",814,5-Speed,Manual,55.2,74.5,21.1,"BS IV"
"Maruti Suzuki Baleno [2019-2022] Alpha Petrol","Maruti Suzuki",Baleno,2019,petrol,37,"1.2L VVT Engine",1197,5-Speed,Manual,81.8,113,21.01,"BS V"
"Hyundai Creta [2015-2018] 1.6 SX Plus Auto Petrol",Hyundai,Creta,2017,petrol,60,"Petrol Dual VTVT",1591,6-Speed,Manual,122,154,15.29,"BS IV"
"Hyundai Elite i20 [2018-2020] Magna Plus 1.2",Hyundai,"Elite i20",2020,petrol,40,"Kappa VTVT Petrol Engine",1197,5-Speed,Automatic,81.86,117,18.6,"BS V"
"Honda City [2017-2020] ZX CVT",Honda,City,2018,petrol,40,"i VTEC Engine",1196,5-Speed,Automatic,117.6,145,18,"BS V"
"Skoda Rapid [2011-2016] Elegance Diesel MT",Skoda,Rapid,2012,diesel,55,"4 cylinder inline diesel engine",1598,5-Speed,Manual,103,250,14.3,"BS III"
"Hyundai Verna SX Opt Turbo Petrol",Hyundai,Verna,2020,petrol,45,"1.0 l Kappa Turbo GDi	",998,7-Speed,Automatic,118,172,19.2,"BS IV"
"Honda City ZX",Honda,City,2020,petrol,40,"1.5L i-VTEC DOHC with VTC Petrol Engine",1498,6-Speed,Manual,119.35,145,18.4,"BS IV"
"Ford EcoSport [2013-2015] Trend 1.5L TDCi",Ford,EcoSport,2013,diesel,52,"1.5L DV5 (Diesel)",1498,5-Speed,Manual,89,204,22.7,"BS III"
"Maruti Suzuki Ciaz Alpha AT Petrol","Maruti Suzuki",Ciaz,2019,petrol,43,"K15 Smart Hybrid Petrol E",1462,4-Speed,Automatic,103.25,138,20,"BS IV"
"Maruti Suzuki Eeco AC 5 STR","Maruti Suzuki",Eeco,2020,petrol,40,"Aluminium 32 bit",1197,5-Speed,Manual,72.42,98,16.11,"BS IV"
"Hyundai Xcent [2017-2019] SX Petrol",Hyundai,Xcent,2019,petrol,43,"1.2L Kappa Dual VTVT Petr",1197,5-Speed,Manual,81.86,113.75,20.14,"BS V"
"Maruti Suzuki Baleno [2015-2019] Alpha Petrol","Maruti Suzuki",Baleno,2016,petrol,37,"1.2L VVT Engine",1197,5-Speed,Manual,81.8,113,21.01,"BS V"
"Maruti Suzuki Alto 800 Vxi Plus","Maruti Suzuki","Alto 800",2020,petrol,35,"F8D Petrol Engine",796,5-Speed,Manual,47.3,69,22.05,"BS IV"
"Hyundai New i20 Asta 1.0 Turbo IMT",Hyundai,"New i20",2021,petrol,37,"1.0 l Turbo GDi",998,6-Speed,Automatic,118,172,20.2,"BS IV"
"Maruti Suzuki Dzire [2017-2020] ZXi Plus","Maruti Suzuki",Dzire,2018,petrol,37,"1.2 Litre Petrol Engine",1197,5-Speed,Automatic,88.5,113,23.26,"BS V"
"Hyundai Grand i10 [2017-2020] Magna 1.2 Kappa VTVT",Hyundai,"Grand i10",2017,petrol,43,"Kappa VTVT Petrol Engine",1197,5-Speed,Automatic,81.86,113.75,18.9,"BS V"
"Hyundai Elite i20 [2014-2018] Asta 1.2 (O)",Hyundai,"Elite i20",2016,petrol,45,"1.2 Kappa petrol with dual VTVT, 16 Valves, 4 Cylinder",1197,5-Speed,Manual,82,115,18.6,"BS IV"
"Hyundai Xcent [2014-2017] SX Petrol",Hyundai,Xcent,2015,petrol,43,"1.2 Kappa Dual VTVT Petrol",1197,5-Speed,Manual,81,114,19.1,"BS IV"
"Hyundai Grand i10 [2013-2017] Asta AT 1.2 Kappa VTVT",Hyundai,"Grand i10",2016,petrol,43,"Kappa VTVT Petrol Engine",1197,4-Speed,Automatic,82,114,18.9,"BS IV"
"Ford EcoSport [2017-2021] Titanium 1.5L TDCi",Ford,EcoSport,2019,diesel,52,"TDCi Diesel Engine",1498,5-Speed,Automatic,98.86,215,21.7,"BS IV"
"Maruti Suzuki Alto K10 [2010-2014] VXi","Maruti Suzuki","Alto K10",2011,petrol,35,"K Series Petrol Engine",998,5-Speed,Manual,67.1,90,20.92,"BS IV"
"Honda City [2014-2017] VX CVT",Honda,City,2016,petrol,40,"i VTEC Engine",1497,5-Speed,Manual,117.3,145,18,"BS IV"
"Maruti Suzuki Ciaz Alpha Petrol","Maruti Suzuki",Ciaz,2020,petrol,43,"K15 Smart Hybrid Petrol E",1696,5-Speed,Manual,103.25,138,20.65,"BS IV"
"Nissan Magnite XV Premium Turbo CVT",Nissan,Magnite,2022,petrol,40,"1.0L HRAO Turbo",1298,5-Speed,Automatic,99,160,20,"BS IV"
"Hyundai Venue SX 1.0  Turbo",Hyundai,Venue,2020,petrol,45,"Kappa 1.0 L Turbo GDi Petrol",998,6-Speed,Manual,118.35,171.6,18.27,"BS IV"
"Hyundai Elite i20 [2018-2020] Sportz Plus 1.2",Hyundai,"Elite i20",2020,petrol,40,"Kappa VTVT Petrol Engine",1197,5-Speed,Automatic,81.86,117,18.6,"BS V"
"Volkswagen Ameo [2016-2020] Highline1.2L (P)",Volkswagen,Ameo,2016,petrol,45,"MPI Petrol Engine",1198,5-Speed,Automatic,73.75,110,17,"BS V"
"Hyundai Venue SX 1.0  Turbo",Hyundai,Venue,2019,petrol,45,"Kappa 1.0 L Turbo GDi Petrol",998,6-Speed,Manual,118.35,171.6,18.27,"BS IV"
"Hyundai New i20 Asta 1.0 Turbo IMT",Hyundai,"New i20",2021,petrol,37,"1.0 l Turbo GDi",998,6-Speed,Automatic,118,172,20.2,"BS IV"
"Maruti Suzuki Celerio [2014-2021] VXi AMT","Maruti Suzuki",Celerio,2015,petrol,35,K10B,998,5-Speed,Automatic,67.04,90,23.1,"BS IV"
"Renault Duster [2015-2019] 85 PS RXZ 4X2 MT",Renault,Duster,2017,diesel,50,"1.5 dCI K9K THP Diesel engine",1461,5-Speed,Manual,84,200,19.87,"BS V"
"Hyundai New Santro 1.1 Asta MT",Hyundai,"New Santro 1.1",2018,petrol,35,"1.1 L Petrol",1086,5-Speed,Manual,68.07,99.07,20.3,"BS IV"
"Mahindra Scorpio [2014-2017] S4 Plus",Mahindra,Scorpio,2017,diesel,60,"4 cylinder mHawk CRDe diesel engine",2179,5-Speed,Manual,120,280,15.4,"BS IV"
"Maruti Suzuki Alto 800 Vxi","Maruti Suzuki","Alto 800",2021,petrol,35,"F8D Petrol Engine",796,5-Speed,Manual,47.3,69,22.05,"BS IV"
"Maruti Suzuki Alto K10 [2010-2014] VXi","Maruti Suzuki","Alto K10",2011,petrol,35,"K Series Petrol Engine",998,5-Speed,Manual,67.1,90,20.92,"BS IV"
"Maruti Suzuki Ertiga [2015-2018] ZDI + SHVS","Maruti Suzuki",Ertiga,2018,diesel,45,"DDiS Diesel Engine",1248,5-Speed,Manual,89,200,24.52,"BS IV"
"Hyundai Grand i10 [2017-2020] Sportz 1.2 Kappa VTVT",Hyundai,"Grand i10",2017,petrol,43,"Kappa VTVT Petrol Engine",1197,5-Speed,Automatic,81.86,113.75,18.9,"BS V"
"Maruti Suzuki Baleno [2015-2019] Delta Diesel","Maruti Suzuki",Baleno,2017,diesel,37,"DDiS ",1248,5-Speed,Manual,74,190,27.39,"BS V"
"Datsun GO [2014-2019] T",Datsun,GO,2015,petrol,35,"DOHC with Dual VTVT",1798,5-Speed,Manual,67.05,104,19.02,"BS V"
"Mahindra XUV500 [2011-2015] W8",Mahindra,XUV500,2015,diesel,70,"4 cylinder mHawk CRDe diesel engine",2179,6-Speed,Manual,140,330,15.1,"BS III"
"Hyundai Venue SX 1.0  Turbo",Hyundai,Venue,2020,petrol,45,"Kappa 1.0 L Turbo GDi Petrol",998,6-Speed,Manual,118.35,171.6,18.27,"BS IV"
"Maruti Suzuki Alto 800 [2016-2019] VXI (O)","Maruti Suzuki","Alto 800",2018,petrol,35,"F8D Petrol Engine",796,5-Speed,Manual,47.3,69,22,"BS V"
"Honda WR-V i-DTEC VX",Honda,WR-V,2019,diesel,40,"i-DTEC Diesel engine",1498,6-Speed,Manual,97.89,200,23.7,"BS IV"
"Hyundai Elite i20 [2014-2018] Sportz 1.2",Hyundai,"Elite i20",2017,petrol,45,"Kappa VTVT Petrol Engine",1197,5-Speed,Manual,81.83,114.7,18.6,"BS IV"
"Maruti Suzuki Alto 800 [2012-2016] LXI","Maruti Suzuki","Alto 800",2013,petrol,35,"F8D Petrol Engine",796,5-Speed,Manual,47.3,69,22.74,"BS III"
"Maruti Suzuki S-Presso VXI","Maruti Suzuki",S-Presso,2021,petrol,27,"K10B Petrol Engine",998,5-Speed,Manual,67,90,21.7,"BS IV"
"Hyundai Elite i20 [2014-2018] Asta 1.2",Hyundai,"Elite i20",2015,petrol,45,"Kappa VTVT Petrol Engine",1197,5-Speed,Manual,81.83,114.7,18.6,"BS IV"
"Renault Kiger RXZ AMT Dual Tone",Renault,Kiger,2021,petrol,40,"1.0L Energy	",1298,5-Speed,Automatic,71,96,19.03,"BS IV"
"Maruti Suzuki S-Presso VXI+","Maruti Suzuki",S-Presso,2021,petrol,27,"K10B Petrol Engine",998,5-Speed,Manual,67,90,21.01,"BS IV"
"Ford Freestyle [2017-2021] Titanium 1.2",Ford,Freestyle,2018,petrol,42,"1.2 litre Petrol Engine",1298,5-Speed,Automatic,94.93,119,18.5,"BS IV"
"Maruti Suzuki Ritz [2012-2017] Vxi","Maruti Suzuki",Ritz,2014,petrol,43,"inline 4 cylinder petrol engine",1197,5-Speed,Manual,85,113,18.5,"BS IV"
"Honda City [2017-2020] ZX CVT",Honda,City,2018,petrol,40,"i VTEC Engine",1196,5-Speed,Automatic,117.6,145,18,"BS V"
"Hyundai i20 Active [2015-2020] 1.2 SX",Hyundai,"i20 Active",2018,petrol,45,"1.2L Kappa 5 Speed Manual Transmission",1197,5-Speed,Automatic,82,115,17.19,"BS V"
"Hyundai Verna SX Opt IVT Petrol",Hyundai,Verna,2020,petrol,45,"1.5 l MPi	",1497,5-Speed,Automatic,113,144,18.4,"BS IV"
"Maruti Suzuki Alto K10 [2014-2019] VXI AMT (O)","Maruti Suzuki","Alto K10",2019,petrol,35,"K Series Petrol Engine",1798,5-Speed,Manual,67.1,90,23.95,"BS V"
"Honda City VX",Honda,City,2020,petrol,40,"1.5L i-VTEC Petrol Engine",1498,6-Speed,Manual,119.3,145,18.4,"BS IV"
"Mahindra Scorpio [2014-2017] S10",Mahindra,Scorpio,2015,diesel,60,"4 cylinder mHawk CRDe diesel engine",2179,5-Speed,Manual,120,280,15.4,"BS IV"
"Hyundai New Santro 1.1 Sportz MT",Hyundai,"New Santro 1.1",2019,petrol,35,"1.1 L Petrol",1086,5-Speed,Manual,68.07,99.07,20.3,"BS IV"
"Volkswagen Ameo [2016-2020] Comfortline 1.2L (P)",Volkswagen,Ameo,2016,petrol,45,"MPI Petrol Engine",1298,5-Speed,Automatic,73.75,110,17,"BS V"
"Maruti Suzuki S-Cross [2015-2020] Zeta 1.3","Maruti Suzuki",S-Cross,2016,diesel,48,"DDiS 200",1248,5-Speed,Automatic,89,200,23.65,"BS V"
"Ford Figo Aspire [2019-2021] Titanium Plus 1.2 Ti-VCT",Ford,"Figo Aspire",2019,petrol,42,"Ti-VCT Petrol Engine",1798,5-Speed,Manual,94.93,119,18.5,"BS V"
"Maruti Suzuki Alto 800 Vxi Plus","Maruti Suzuki","Alto 800",2020,petrol,35,"F8D Petrol Engine",796,5-Speed,Manual,47.3,69,22.05,"BS IV"
"Skoda Superb [2014-2016] Elegance 1.8 TSI AT",Skoda,Superb,2014,petrol,60,"Turbocharged petrol engine, in-line, liquid cooling system, direct injection, 16V DOHC, transverse in front",1798,7-Speed,Automatic,158,250,13.1,"BS III"
"Hyundai Creta [2015-2018] 1.6 SX Plus Auto Petrol",Hyundai,Creta,2017,petrol,60,"Petrol Dual VTVT",1591,6-Speed,Manual,122,154,15.29,"BS IV"
"Tata Harrier XZ Dual Tone",Tata,Harrier,2019,diesel,50,"Kryotec 2.0 L Turbocharge",1956,6-Speed,Manual,138,350,17,"BS IV"
"Maruti Suzuki Ertiga [2012-2015] ZDi","Maruti Suzuki",Ertiga,2015,diesel,45,"DDiS Diesel Engine",1248,5-Speed,Manual,89,200,20.77,"BS III"
"Ford EcoSport [2015-2017] Titanium + 1.5L TDCi",Ford,EcoSport,2016,diesel,52,"1.5L DV5 (Diesel)",1498,5-Speed,Manual,99,205,22.7,"BS IV"
"Volkswagen Ameo [2016-2020] Highline1.2L (P)",Volkswagen,Ameo,2016,petrol,45,"MPI Petrol Engine",1198,5-Speed,Automatic,73.75,110,17,"BS V"
"Ford Freestyle [2017-2021] Titanium 1.2",Ford,Freestyle,2019,petrol,42,"1.2 litre Petrol Engine",1298,5-Speed,Automatic,94.93,119,18.5,"BS IV"
"Tata Nano [2008-2014] LX",Tata,Nano,2013,petrol,15,"624 cc, 2 cylinder, MPFI",624,4-Speed,Manual,35,48,18.4,"BS IV"
"Hyundai Venue SX 1.0  Turbo",Hyundai,Venue,2019,petrol,45,"Kappa 1.0 L Turbo GDi Petrol",998,6-Speed,Manual,118.35,171.6,18.27,"BS IV"
"Maruti Suzuki Baleno [2019-2022] Delta Petrol","Maruti Suzuki",Baleno,2019,petrol,37,"1.2L VVT Engine",1197,5-Speed,Manual,81.8,113,21.01,"BS V"
"Renault Triber RXZ",Renault,Triber,2020,petrol,40,"1.0L Petrol Engine",999,5-Speed,Manual,71,96,20,"BS IV"
"Hyundai Santro Xing [2007-2014] GLS",Hyundai,"Santro Xing",2012,petrol,35,"Petrol Engine",1086,5-Speed,Manual,62.1,96.1,17.92,"BS IV"
"Ford Freestyle [2017-2021] Titanium 1.2",Ford,Freestyle,2020,petrol,42,"1.2 litre Petrol Engine",1298,5-Speed,Automatic,94.93,119,18.5,"BS IV"
"Hyundai Eon [2011-2018] Era +",Hyundai,Eon,2013,petrol,32,"Petrol Engine",814,5-Speed,Manual,55.2,74.5,21.1,"BS IV"
"Ford EcoSport [2017-2021] Titanium 1.5L Ti-VCT",Ford,EcoSport,2019,petrol,52,"Ti-VCT Petrol Engine",1496,5-Speed,Automatic,120.69,149,15.9,"BS IV"
"MG Motors Hector 1.5 Sharp DCT AT","MG Motors",Hector,2019,petrol,60,FWD,1451,6-Speed,Automatic,141,250,13.96,"BS IV"
"Tata Harrier XZ",Tata,Harrier,2019,diesel,50,"Kryotec 2.0 L Turbocharge",1956,6-Speed,Manual,138,350,17,"BS IV"
"Renault Scala [2012-2018] RxZ Diesel",Renault,Scala,2014,diesel,41,"Renault K9K Diesel engine",1461,5-Speed,Manual,85,200,21.64,"BS IV"
"Ford EcoSport [2017-2020] Titanium + 1.5L Ti-VCT AT",Ford,EcoSport,2018,petrol,52,"Ti-VCT Petrol Engine",1496,6-Speed,Automatic,120.69,149,14.7,"BS V"
"Maruti Suzuki Vitara Brezza [2016-2020] ZDi","Maruti Suzuki","Vitara Brezza",2017,diesel,48,"Front Wheel Drive",1248,5-Speed,Automatic,89,200,24.3,"BS V"
"Maruti Suzuki Ignis [2017-2020] Alpha MT Petrol","Maruti Suzuki",Ignis,2017,petrol,32,"1.2-Litre VVT Petrol Engine",1197,5-Speed,Automatic,81.8,113,20.89,"BS V"
"Tata Nexon [2017-2020] XZ Plus Diesel",Tata,Nexon,2018,diesel,44,"1.5L Revotorq Turbocharged",1497,6-Speed,Automatic,108.5,260,21.05,"BS V"
"Hyundai Verna [2017-2020] 1.6 VTVT SX (O)",Hyundai,Verna,2018,petrol,43,"Front Wheel Drive",1591,6-Speed,Automatic,121,158,17.4,"BS V"
"Hyundai Verna [2017-2020] 1.6 VTVT SX",Hyundai,Verna,2019,petrol,43,"Front Wheel Drive",1591,6-Speed,Automatic,121,158,17.4,"BS V"
"Maruti Suzuki Vitara Brezza [2018-2020] ZDI PLUS AT Dual Tone","Maruti Suzuki","Vitara Brezza",2018,diesel,48,"Front Wheel Drive",1248,5-Speed,Automatic,89,200,24.3,"BS V"
"Honda Jazz [2015-2020] S AT",Honda,Jazz,2015,petrol,40,"i-VTEC Petrol Engine",1199,5-Speed,Automatic,88.76,110,19,"BS V"
"Maruti Suzuki Vitara Brezza [2016-2020] VDi","Maruti Suzuki","Vitara Brezza",2017,diesel,48,"Front Wheel Drive",1248,5-Speed,Automatic,89,200,24.3,"BS V"
"Renault Captur [2017-2020] RXT Dual Tone",Renault,Captur,2018,petrol,50,"1.5 H4K Petrol",1498,5-Speed,Automatic,105,142,13.87,"BS V"
"Renault Captur [2017-2020] RXT Dual Tone",Renault,Captur,2017,petrol,50,"1.5 H4K Petrol",1498,5-Speed,Automatic,105,142,13.87,"BS V"
"Hyundai Verna [2017-2020] 1.6 VTVT SX",Hyundai,Verna,2018,petrol,43,"Front Wheel Drive",1591,6-Speed,Automatic,121,158,17.4,"BS V"
"Hyundai Verna [2011-2015] Fluidic 1.6 VTVT SX AT",Hyundai,Verna,2014,petrol,43,"Front Wheel Drive",1591,4-Speed,Automatic,121,158,17.01,"BS III"
