Car_Name,Make,Model,Make_Year,Color,Body_Type,Mileage_Run,No_of_Owners,Seating_Capacity
"Chevrolet Beat [2009-2014] PS Petrol",Chevrolet,Beat,2013,grey,hatchback,52501,1st,5
"Chevrolet Beat [2011-2014] LS Diesel",Chevrolet,Beat,2013,blue,hatchback,77022,1st,5
"Chevrolet Beat [2014-2017] LS Diesel",Chevrolet,Beat,2015,red,hatchback,42222,1st,5
"Chevrolet Beat [2014-2017] LS Petrol",Chevrolet,Beat,2014,green,hatchback,45080,1st,5
"Chevrolet Cruze [2009-2017] LTZ AT",Chevrolet,Cruze,2013,white,sedan,71450,1st,5
"Chevrolet Cruze [2009-2017] LTZ AT",Chevrolet,Cruze,2015,grey,sedan,72489,1st,5
"Datsun GO [2014-2019] T",Datsun,GO,2014,red,hatchback,55890,2nd,5
"Datsun GO [2014-2019] T",Datsun,GO,2015,white,hatchback,73892,1st,5
"Datsun Redi-GO [2015-2019] T (O)",Datsun,Redi-GO,2017,red,hatchback,42187,1st,5
"Ford EcoSport [2013-2015] Titanium 1.0L Ecoboost",Ford,EcoSport,2014,white,suv,48060,1st,5
"Ford EcoSport [2013-2015] Titanium 1.5L TDCi",Ford,EcoSport,2014,white,suv,86120,1st,5
"Ford EcoSport [2013-2015] Titanium 1.5L TDCi (Opt)",Ford,EcoSport,2014,silver,suv,97902,1st,5
"Ford EcoSport [2013-2015] Titanium 1.5L TDCi (Opt)",Ford,EcoSport,2015,red,suv,92474,2nd,5
"Ford EcoSport [2013-2015] Titanium 1.5L Ti-VCT",Ford,EcoSport,2014,silver,suv,74814,2nd,5
"Ford EcoSport [2013-2015] Titanium 1.5L Ti-VCT AT",Ford,EcoSport,2013,white,suv,47068,1st,5
"Ford EcoSport [2013-2015] Titanium 1.5L Ti-VCT AT",Ford,EcoSport,2015,grey,suv,55617,2nd,5
"Ford EcoSport [2013-2015] Trend 1.5L TDCi",Ford,EcoSport,2013,silver,suv,95381,1st,5
"Ford EcoSport [2015-2017] Titanium + 1.5L TDCi",Ford,EcoSport,2016,red,suv,91463,2nd,5
"Ford EcoSport [2015-2017] Titanium + 1.5L TDCi",Ford,EcoSport,2017,grey,suv,31080,1st,5
"Ford EcoSport [2015-2017] Titanium 1.5L Ti-VCT",Ford,EcoSport,2017,black,suv,12761,2nd,5
"Ford EcoSport [2015-2017] Titanium 1.5L Ti-VCT AT",Ford,EcoSport,2016,grey,suv,36422,1st,5
"Ford EcoSport [2015-2017] Titanium 1.5L Ti-VCT AT",Ford,EcoSport,2017,white,suv,84118,1st,5
"Ford EcoSport [2015-2017] Titanium+ 1.0L EcoBoost",Ford,EcoSport,2016,blue,suv,46485,1st,5
"Ford EcoSport [2015-2017] Trend + 1.5L TDCi",Ford,EcoSport,2016,grey,suv,96471,1st,5
"Ford EcoSport [2015-2017] Trend 1.5L TDCi",Ford,EcoSport,2017,bronze,suv,43112,1st,5
"Ford EcoSport [2015-2017] Trend+ 1.0L EcoBoost",Ford,EcoSport,2016,blue,suv,69414,1st,5
"Ford EcoSport [2017-2020] Titanium + 1.5L Ti-VCT AT",Ford,EcoSport,2017,brown,suv,73428,1st,5
"Ford EcoSport [2017-2020] Titanium + 1.5L Ti-VCT AT",Ford,EcoSport,2018,silver,suv,39105,1st,5
"Ford EcoSport [2017-2020] Titanium + 1.5L Ti-VCT AT",Ford,EcoSport,2019,white,suv,60197,1st,5
"Ford EcoSport [2017-2021] Titanium + 1.5L Ti-VCT",Ford,EcoSport,2020,silver,suv,26116,1st,5
"Ford EcoSport [2017-2021] Titanium 1.5L TDCi",Ford,EcoSport,2019,blue,suv,67732,1st,5
"Ford EcoSport [2017-2021] Titanium 1.5L Ti-VCT",Ford,EcoSport,2018,brown,suv,35796,1st,5
"Ford EcoSport [2017-2021] Titanium 1.5L Ti-VCT",Ford,EcoSport,2019,grey,suv,11800,1st,5
"Ford EcoSport [2017-2021] Titanium 1.5L Ti-VCT",Ford,EcoSport,2021,silver,suv,15924,1st,5
"Ford Figo [2010-2015] Duratec Petrol ZXI 1.2",Ford,Figo,2011,green,hatchback,84494,2nd,5
"Ford Figo [2015-2019] Titanium1.5 TDCi",Ford,Figo,2016,grey,hatchback,83705,1st,5
"Ford Figo [2019-2021] Titanium Diesel",Ford,Figo,2019,red,hatchback,14499,1st,5
"Ford Figo [2019-2021] Titanium Diesel",Ford,Figo,2020,grey,hatchback,11762,1st,5
"Ford Figo Aspire [2015-2019] Titanium 1.2 Ti-VCT",Ford,"Figo Aspire",2017,white,sedan,53467,1st,5
"Ford Figo Aspire [2015-2019] Titanium 1.2 Ti-VCT",Ford,"Figo Aspire",2018,blue,sedan,21089,1st,5
"Ford Figo Aspire [2019-2021] Titanium Plus 1.2 Ti-VCT",Ford,"Figo Aspire",2019,red,sedan,10370,1st,5
"Ford Figo Aspire [2019-2021] Titanium Plus 1.2 Ti-VCT",Ford,"Figo Aspire",2020,white,sedan,18300,1st,5
"Ford Freestyle [2017-2021] Titanium 1.2",Ford,Freestyle,2018,red,crossover,29028,1st,5
"Ford Freestyle [2017-2021] Titanium 1.2",Ford,Freestyle,2019,red,crossover,17504,1st,5
"Ford Freestyle [2017-2021] Titanium 1.2",Ford,Freestyle,2020,golden,crossover,14965,1st,5
"Ford Freestyle [2020-2021] Flair Edition Diesel",Ford,Freestyle,2020,white,crossover,28335,2nd,5
"Honda Amaze [2013-2018] 1.2 S i-VTEC",Honda,Amaze,2014,silver,sedan,61881,2nd,5
"Honda Amaze [2013-2018] 1.2 S i-VTEC",Honda,Amaze,2015,grey,sedan,49435,1st,5
"Honda Amaze [2013-2018] 1.2 S i-VTEC",Honda,Amaze,2016,brown,sedan,60656,1st,5
"Honda Amaze [2013-2018] 1.2 VX AT i-VTEC",Honda,Amaze,2013,white,sedan,10651,1st,5
"Honda Amaze [2013-2018] 1.2 VX AT i-VTEC",Honda,Amaze,2017,white,sedan,37315,1st,5
"Honda Amaze [2013-2018] 1.2 VX i-VTEC",Honda,Amaze,2014,red,sedan,63170,2nd,5
"Honda Amaze [2013-2018] 1.2 VX i-VTEC",Honda,Amaze,2015,white,sedan,44188,1st,5
"Honda Amaze [2018-2021] 1.2 VX i-VTEC",Honda,Amaze,2018,white,sedan,33454,1st,5
"Honda Amaze [2018-2021] 1.2 VX i-VTEC",Honda,Amaze,2019,brown,sedan,20604,1st,5
"Honda Amaze [2018-2021] 1.2 VX i-VTEC",Honda,Amaze,2020,white,sedan,7981,1st,5
"Honda Amaze 1.2 V CVT Petrol",Honda,Amaze,2018,brown,sedan,16348,1st,5
"Honda Amaze 1.2 VX CVT i-VTEC",Honda,Amaze,2019,brown,sedan,17691,1st,5
"Honda Amaze 1.5 VX CVT i-DTEC",Honda,Amaze,2019,white,sedan,29780,1st,5
"Honda Brio [2011-2016] S MT",Honda,Brio,2012,silver,hatchback,84488,1st,5
"Honda Brio [2011-2016] V MT",Honda,Brio,2012,grey,hatchback,28108,2nd,5
"Honda City [2008-2013] V",Honda,City,2013,red,sedan,73382,1st,5
"Honda City [2008-2013] V AT",Honda,City,2011,black,sedan,90745,1st,5
"Honda City [2014-2017] SV",Honda,City,2014,brown,sedan,55410,2nd,5
"Honda City [2014-2017] V",Honda,City,2015,silver,sedan,76926,1st,5
"Honda City [2014-2017] VX CVT",Honda,City,2015,white,sedan,50821,2nd,5
"Honda City [2014-2017] VX CVT",Honda,City,2016,silver,sedan,43992,1st,5
"Honda City [2017-2020] VX",Honda,City,2017,white,sedan,47154,1st,5
"Honda City [2017-2020] VX",Honda,City,2018,white,sedan,14861,1st,5
"Honda City [2017-2020] ZX CVT",Honda,City,2017,white,sedan,34480,1st,5
"Honda City [2017-2020] ZX CVT",Honda,City,2018,brown,sedan,16006,1st,5
"Honda City V",Honda,City,2017,brown,sedan,46935,1st,5
"Honda City V",Honda,City,2018,brown,sedan,60209,1st,5
"Honda City V",Honda,City,2019,silver,sedan,24136,2nd,5
"Honda City V",Honda,City,2020,white,sedan,24218,1st,5
"Honda City V",Honda,City,2021,white,sedan,17790,1st,5
"Honda City VX",Honda,City,2020,white,sedan,13209,1st,5
"Honda City VX",Honda,City,2021,white,sedan,12092,1st,5
"Honda City ZX",Honda,City,2020,brown,sedan,14414,1st,5
"Honda City ZX CVT",Honda,City,2021,silver,sedan,7434,1st,5
"Honda Jazz [2015-2020] S AT",Honda,Jazz,2015,white,hatchback,49536,1st,5
"Honda Jazz [2015-2020] SV MT",Honda,Jazz,2016,silver,hatchback,36822,1st,5
"Honda Jazz [2015-2020] SV MT",Honda,Jazz,2017,red,hatchback,56221,1st,5
"Honda Jazz V CVT",Honda,Jazz,2017,white,hatchback,53613,2nd,5
"Honda Jazz V MT",Honda,Jazz,2015,maroon,hatchback,63279,1st,5
"Honda Jazz V MT",Honda,Jazz,2016,orange,hatchback,22856,1st,5
"Honda Jazz V MT",Honda,Jazz,2018,silver,hatchback,13074,1st,5
"Honda Jazz VX MT",Honda,Jazz,2015,white,hatchback,50735,2nd,5
"Honda Jazz VX MT",Honda,Jazz,2016,red,hatchback,48606,2nd,5
"Honda Mobilio [2014-2017] S Petrol",Honda,Mobilio,2015,grey,muv,48947,1st,7
"Honda Mobilio [2014-2017] V Petrol",Honda,Mobilio,2015,silver,muv,42933,2nd,7
"Honda WR-V i-DTEC VX",Honda,WR-V,2018,silver,suv,81799,1st,5
"Honda WR-V i-DTEC VX",Honda,WR-V,2019,red,suv,30457,1st,5
"Honda WR-V VX i-VTEC",Honda,WR-V,2017,silver,suv,28831,1st,5
"Honda WR-V VX i-VTEC",Honda,WR-V,2019,white,suv,29540,2nd,5
"Hyundai Creta [2015-2018] 1.6 S Petrol",Hyundai,Creta,2016,beige,suv,90147,1st,5
"Hyundai Creta [2015-2018] 1.6 S Plus Auto",Hyundai,Creta,2017,silver,suv,44894,1st,5
"Hyundai Creta [2015-2018] 1.6 SX",Hyundai,Creta,2017,black,suv,50749,1st,5
"Hyundai Creta [2015-2018] 1.6 SX Plus",Hyundai,Creta,2017,grey,suv,88895,2nd,5
"Hyundai Creta [2015-2018] 1.6 SX Plus Auto",Hyundai,Creta,2016,grey,suv,88735,2nd,5
"Hyundai Creta [2015-2018] 1.6 SX Plus Auto",Hyundai,Creta,2017,red,suv,66868,1st,5
"Hyundai Creta [2015-2018] 1.6 SX Plus Auto Petrol",Hyundai,Creta,2017,silver,suv,50872,1st,5
"Hyundai Creta [2015-2018] 1.6 SX Plus Petrol",Hyundai,Creta,2016,red,suv,60578,1st,5
"Hyundai Creta [2015-2018] 1.6 SX Plus Petrol",Hyundai,Creta,2017,black,suv,62805,1st,5
"Hyundai Creta [2015-2018] 1.6 SX Plus Petrol",Hyundai,Creta,2018,red,suv,25411,1st,5
"Hyundai Creta [2018-2020] 1.6 SX",Hyundai,Creta,2019,grey,suv,85981,1st,5
"Hyundai Creta [2018-2020] 1.6 SX OPT VTVT",Hyundai,Creta,2018,red,suv,70015,1st,5
"Hyundai Creta [2018-2020] 1.6 SX OPT VTVT",Hyundai,Creta,2019,red,suv,58693,1st,5
"Hyundai Creta [2018-2020] 1.6 SX VTVT",Hyundai,Creta,2019,white,suv,26198,1st,5
"Hyundai Creta SX OPT Turbo DCT Petrol",Hyundai,Creta,2021,black,suv,12285,1st,5
"Hyundai Elite i20 [2014-2018] Asta 1.2",Hyundai,"Elite i20",2014,white,hatchback,96077,1st,5
"Hyundai Elite i20 [2014-2018] Asta 1.2",Hyundai,"Elite i20",2015,silver,hatchback,33439,2nd,5
"Hyundai Elite i20 [2014-2018] Asta 1.2",Hyundai,"Elite i20",2016,white,hatchback,85602,1st,5
"Hyundai Elite i20 [2014-2018] Asta 1.2",Hyundai,"Elite i20",2017,blue,hatchback,22127,1st,5
"Hyundai Elite i20 [2014-2018] Asta 1.2 (O)",Hyundai,"Elite i20",2015,silver,hatchback,37837,1st,5
"Hyundai Elite i20 [2014-2018] Asta 1.2 (O)",Hyundai,"Elite i20",2016,grey,hatchback,30797,2nd,5
"Hyundai Elite i20 [2014-2018] Asta 1.2 (O)",Hyundai,"Elite i20",2017,white,hatchback,49775,2nd,5
"Hyundai Elite i20 [2014-2018] Asta 1.2 Dual Tone",Hyundai,"Elite i20",2018,white,hatchback,31912,1st,5
"Hyundai Elite i20 [2014-2018] Asta 1.4 CRDI",Hyundai,"Elite i20",2015,white,hatchback,81103,1st,5
"Hyundai Elite i20 [2014-2018] Asta 1.4 CRDI",Hyundai,"Elite i20",2017,white,hatchback,33545,1st,5
"Hyundai Elite i20 [2014-2018] Asta 1.4 CRDI (O)",Hyundai,"Elite i20",2016,red,hatchback,93446,1st,5
"Hyundai Elite i20 [2014-2018] Asta 1.4 CRDI (O)",Hyundai,"Elite i20",2017,grey,hatchback,41443,1st,5
"Hyundai Elite i20 [2014-2018] Magna 1.2",Hyundai,"Elite i20",2016,blue,hatchback,94389,1st,5
"Hyundai Elite i20 [2014-2018] Sportz 1.2",Hyundai,"Elite i20",2015,red,hatchback,77836,1st,5
"Hyundai Elite i20 [2014-2018] Sportz 1.2",Hyundai,"Elite i20",2016,red,hatchback,52261,1st,5
"Hyundai Elite i20 [2014-2018] Sportz 1.2",Hyundai,"Elite i20",2017,red,hatchback,54233,1st,5
"Hyundai Elite i20 [2014-2018] Sportz 1.4 CRDI",Hyundai,"Elite i20",2016,white,hatchback,41218,1st,5
"Hyundai Elite i20 [2017-2018] Magna Executive 1.2",Hyundai,"Elite i20",2017,white,hatchback,24353,1st,5
"Hyundai Elite i20 [2018-2020] Asta 1.2",Hyundai,"Elite i20",2018,red,hatchback,54836,1st,5
"Hyundai Elite i20 [2018-2020] Asta 1.4 CRDI",Hyundai,"Elite i20",2018,orange,hatchback,44188,1st,5
"Hyundai Elite i20 [2018-2020] Magna Executive 1.2",Hyundai,"Elite i20",2018,blue,hatchback,19056,1st,5
"Hyundai Elite i20 [2018-2020] Magna Plus 1.2",Hyundai,"Elite i20",2019,red,hatchback,24860,1st,5
"Hyundai Elite i20 [2018-2020] Magna Plus 1.2",Hyundai,"Elite i20",2020,red,hatchback,14502,1st,5
"Hyundai Elite i20 [2018-2020] Sportz 1.2",Hyundai,"Elite i20",2018,red,hatchback,17121,1st,5
"Hyundai Elite i20 [2018-2020] Sportz Plus 1.2",Hyundai,"Elite i20",2019,blue,hatchback,23505,1st,5
"Hyundai Elite i20 [2018-2020] Sportz Plus 1.2",Hyundai,"Elite i20",2020,white,hatchback,30590,1st,5
"Hyundai Eon [2011-2018] D-Lite+",Hyundai,Eon,2014,grey,hatchback,38592,2nd,5
"Hyundai Eon [2011-2018] Era +",Hyundai,Eon,2012,blue,hatchback,40097,1st,5
"Hyundai Eon [2011-2018] Era +",Hyundai,Eon,2013,blue,hatchback,19600,1st,5
"Hyundai Eon [2011-2018] Era +",Hyundai,Eon,2015,red,hatchback,40959,1st,5
"Hyundai Eon [2011-2018] Era +",Hyundai,Eon,2018,white,hatchback,48670,2nd,5
"Hyundai Eon [2011-2018] Era + (O)",Hyundai,Eon,2017,white,hatchback,55670,1st,5
"Hyundai Eon [2011-2018] Era + SE",Hyundai,Eon,2013,red,hatchback,48721,1st,5
"Hyundai Eon [2011-2018] Era + SE",Hyundai,Eon,2017,white,hatchback,40187,1st,5
"Hyundai Eon [2011-2018] Magna +",Hyundai,Eon,2013,red,hatchback,93653,2nd,5
"Hyundai Eon [2011-2018] Magna +",Hyundai,Eon,2016,red,hatchback,47487,2nd,5
"Hyundai Eon [2011-2018] Magna +",Hyundai,Eon,2017,red,hatchback,18790,1st,5
"Hyundai Eon [2011-2018] Magna +",Hyundai,Eon,2018,red,hatchback,24428,1st,5
"Hyundai Eon [2011-2018] Sportz",Hyundai,Eon,2017,white,hatchback,40158,1st,5
"Hyundai Eon [2011-2018] Sportz",Hyundai,Eon,2018,red,hatchback,11225,1st,5
"Hyundai Fluidic Verna 4S [2015-2017] 1.6 CRDi SX",Hyundai,"Fluidic Verna 4S",2017,silver,sedan,95862,1st,5
"Hyundai Fluidic Verna 4S [2015-2018] 1.6 VTVT SX",Hyundai,"Fluidic Verna 4S",2017,grey,sedan,25905,1st,5
"Hyundai Fluidic Verna 4S [2015-2018] 1.6 VTVT SX AT",Hyundai,"Fluidic Verna 4S",2017,white,sedan,60287,1st,5
"Hyundai Grand i10 [2013-2017] Asta 1.2 Kappa VTVT",Hyundai,"Grand i10",2013,red,hatchback,68842,1st,5
"Hyundai Grand i10 [2013-2017] Asta 1.2 Kappa VTVT",Hyundai,"Grand i10",2014,blue,hatchback,58748,2nd,5
"Hyundai Grand i10 [2013-2017] Asta 1.2 Kappa VTVT (O)",Hyundai,"Grand i10",2015,grey,hatchback,32754,1st,5
"Hyundai Grand i10 [2013-2017] Asta 1.2 Kappa VTVT (O)",Hyundai,"Grand i10",2016,grey,hatchback,20685,1st,5
"Hyundai Grand i10 [2013-2017] Asta AT 1.2 Kappa VTVT",Hyundai,"Grand i10",2014,grey,hatchback,35461,2nd,5
"Hyundai Grand i10 [2013-2017] Asta AT 1.2 Kappa VTVT",Hyundai,"Grand i10",2015,orange,hatchback,99001,1st,5
"Hyundai Grand i10 [2013-2017] Asta AT 1.2 Kappa VTVT",Hyundai,"Grand i10",2016,white,hatchback,30045,2nd,5
"Hyundai Grand i10 [2013-2017] Sportz 1.2 Kappa VTVT",Hyundai,"Grand i10",2014,grey,hatchback,35703,1st,5
"Hyundai Grand i10 [2013-2017] Sportz 1.2 Kappa VTVT",Hyundai,"Grand i10",2015,silver,hatchback,54287,1st,5
"Hyundai Grand i10 [2013-2017] Sportz 1.2 Kappa VTVT",Hyundai,"Grand i10",2016,grey,hatchback,43877,1st,5
"Hyundai Grand i10 [2013-2017] Sportz 1.2 Kappa VTVT",Hyundai,"Grand i10",2017,white,hatchback,39525,2nd,5
"Hyundai Grand i10 [2017-2020] Asta 1.2 Kappa VTVT",Hyundai,"Grand i10",2017,orange,hatchback,25126,1st,5
"Hyundai Grand i10 [2017-2020] Asta 1.2 Kappa VTVT",Hyundai,"Grand i10",2018,grey,hatchback,60873,1st,5
"Hyundai Grand i10 [2017-2020] Asta 1.2 Kappa VTVT",Hyundai,"Grand i10",2019,grey,hatchback,40498,1st,5
"Hyundai Grand i10 [2017-2020] Magna 1.2 Kappa VTVT",Hyundai,"Grand i10",2017,red,hatchback,11304,1st,5
"Hyundai Grand i10 [2017-2020] Magna 1.2 Kappa VTVT",Hyundai,"Grand i10",2018,grey,hatchback,16760,1st,5
"Hyundai Grand i10 [2017-2020] Magna 1.2 Kappa VTVT",Hyundai,"Grand i10",2019,grey,hatchback,11734,1st,5
"Hyundai Grand i10 [2017-2020] Sportz (O) 1.2 kappa VTVT",Hyundai,"Grand i10",2017,silver,hatchback,16150,1st,5
"Hyundai Grand i10 [2017-2020] Sportz (O) 1.2 kappa VTVT",Hyundai,"Grand i10",2018,blue,hatchback,24745,1st,5
"Hyundai Grand i10 [2017-2020] Sportz 1.2 Kappa VTVT",Hyundai,"Grand i10",2017,silver,hatchback,37237,2nd,5
"Hyundai Grand i10 [2017-2020] Sportz 1.2 Kappa VTVT",Hyundai,"Grand i10",2018,grey,hatchback,28557,2nd,5
"Hyundai Grand i10 [2017-2020] Sportz 1.2 Kappa VTVT",Hyundai,"Grand i10",2019,grey,hatchback,25632,1st,5
"Hyundai Grand i10 [2017-2020] Sportz 1.2 Kappa VTVT",Hyundai,"Grand i10",2020,grey,hatchback,18915,2nd,5
"Hyundai Grand i10 Nios Sportz 1.2 Kappa VTVT",Hyundai,"Grand i10 Nios",2021,blue,hatchback,10514,1st,5
"Hyundai Grand i10 Nios Sportz AMT 1.2 Kappa VTVT",Hyundai,"Grand i10 Nios",2021,blue,hatchback,16304,1st,5
"Hyundai Grand i10 Nios Sportz AMT 1.2 Kappa VTVT",Hyundai,"Grand i10 Nios",2022,blue,hatchback,4305,1st,5
"Hyundai i10 [2010-2016] Era Petrol",Hyundai,i10,2011,grey,hatchback,77554,1st,5
"Hyundai i10 [2010-2016] Era Petrol",Hyundai,i10,2012,grey,hatchback,63676,1st,5
"Hyundai i10 [2010-2016] Era Petrol",Hyundai,i10,2013,white,hatchback,37652,1st,5
"Hyundai i10 [2010-2016] Magna 1.2 Petrol",Hyundai,i10,2011,beige,hatchback,43953,1st,5
"Hyundai i10 [2010-2016] Magna 1.2 Petrol",Hyundai,i10,2012,red,hatchback,49014,2nd,5
"Hyundai i10 [2010-2016] Magna 1.2 Petrol",Hyundai,i10,2013,red,hatchback,32849,1st,5
"Hyundai i10 [2010-2016] Magna Petrol",Hyundai,i10,2011,silver,hatchback,49985,1st,5
"Hyundai i10 [2010-2016] Magna Petrol",Hyundai,i10,2014,grey,hatchback,92092,1st,5
"Hyundai i10 [2010-2016] Magna Petrol",Hyundai,i10,2015,silver,hatchback,25413,2nd,5
"Hyundai i10 [2010-2016] Magna Petrol",Hyundai,i10,2016,silver,hatchback,35387,1st,5
"Hyundai i10 [2010-2016] Sportz 1.2 Petrol",Hyundai,i10,2011,red,hatchback,62840,1st,5
"Hyundai i10 [2010-2016] Sportz 1.2 Petrol",Hyundai,i10,2013,silver,hatchback,24858,1st,5
"Hyundai i10 [2010-2016] Sportz AT Petrol",Hyundai,i10,2011,grey,hatchback,43918,2nd,5
"Hyundai i10 [2010-2016] Sportz AT Petrol",Hyundai,i10,2013,silver,hatchback,72356,1st,5
"Hyundai i10 [2010-2016] Sportz Petrol",Hyundai,i10,2014,grey,hatchback,41667,2nd,5
"Hyundai i10 [2010-2016] Sportz Petrol",Hyundai,i10,2015,white,hatchback,24631,1st,5
"Hyundai i10 [2010-2016] Sportz Petrol",Hyundai,i10,2016,white,hatchback,26910,2nd,5
"Hyundai i20 [2008-2012] Magna 1.2",Hyundai,i20,2011,white,hatchback,46251,2nd,5
"Hyundai i20 [2012-2014] Asta 1.2",Hyundai,i20,2013,grey,hatchback,45000,2nd,5
"Hyundai i20 [2012-2014] Asta 1.2",Hyundai,i20,2014,silver,hatchback,94315,1st,5
"Hyundai i20 [2012-2014] Sportz 1.2",Hyundai,i20,2012,white,hatchback,90078,1st,5
"Hyundai i20 [2012-2014] Sportz 1.2",Hyundai,i20,2013,blue,hatchback,56096,1st,5
"Hyundai i20 [2012-2014] Sportz 1.2",Hyundai,i20,2014,blue,hatchback,62692,2nd,5
"Hyundai i20 Active [2015-2020] 1.2 S",Hyundai,"i20 Active",2016,brown,crossover,90058,1st,5
"Hyundai i20 Active [2015-2020] 1.2 S",Hyundai,"i20 Active",2017,black,crossover,32602,1st,5
"Hyundai i20 Active [2015-2020] 1.2 S",Hyundai,"i20 Active",2018,white,crossover,24676,2nd,5
"Hyundai i20 Active [2015-2020] 1.2 SX",Hyundai,"i20 Active",2016,red,crossover,20305,1st,5
"Hyundai i20 Active [2015-2020] 1.2 SX",Hyundai,"i20 Active",2017,silver,crossover,60629,1st,5
"Hyundai i20 Active [2015-2020] 1.2 SX",Hyundai,"i20 Active",2018,brown,crossover,34075,2nd,5
"Hyundai i20 Active [2015-2020] 1.4 SX",Hyundai,"i20 Active",2015,red,crossover,41086,1st,5
"Hyundai i20 Active [2015-2020] 1.4 SX (O)",Hyundai,"i20 Active",2016,white,crossover,65232,2nd,5
"Hyundai New i20 Asta (O) 1.0 Turbo DCT",Hyundai,"New i20",2021,red,hatchback,13389,1st,5
"Hyundai New i20 Asta (O) 1.2 MT",Hyundai,"New i20",2021,blue,hatchback,10730,1st,5
"Hyundai New i20 Asta 1.0 Turbo IMT",Hyundai,"New i20",2020,white,hatchback,24360,1st,5
"Hyundai New i20 Asta 1.0 Turbo IMT",Hyundai,"New i20",2021,grey,hatchback,14133,1st,5
"Hyundai New Santro 1.1 Asta MT",Hyundai,"New Santro 1.1",2018,beige,hatchback,33581,1st,5
"Hyundai New Santro 1.1 Asta MT",Hyundai,"New Santro 1.1",2019,beige,hatchback,21903,1st,5
"Hyundai New Santro 1.1 Era Executive",Hyundai,"New Santro 1.1",2018,white,hatchback,22735,1st,5
"Hyundai New Santro 1.1 Magna Corporate Edition ",Hyundai,"New Santro 1.1",2020,blue,hatchback,17056,1st,5
"Hyundai New Santro 1.1 Sportz MT",Hyundai,"New Santro 1.1",2019,blue,hatchback,8842,1st,5
"Hyundai New Santro 1.1 Sportz MT",Hyundai,"New Santro 1.1",2020,white,hatchback,18065,1st,5
"Hyundai Santro Xing [2007-2014] GLS",Hyundai,"Santro Xing",2011,maroon,hatchback,57259,2nd,5
"Hyundai Santro Xing [2007-2014] GLS",Hyundai,"Santro Xing",2012,white,hatchback,23227,1st,5
"Hyundai Venue [2019-2021] SX 1.0 (O) Turbo",Hyundai,Venue,2019,white,suv,23164,1st,5
"Hyundai Venue [2019-2021] SX 1.0 (O) Turbo",Hyundai,Venue,2020,blue,suv,49130,1st,5
"Hyundai Venue [2019-2022] SX Plus 1.0 Turbo DCT",Hyundai,Venue,2019,grey,suv,32395,1st,5
"Hyundai Venue S 1.2",Hyundai,Venue,2022,blue,suv,4839,1st,5
"Hyundai Venue SX 1.0  Turbo",Hyundai,Venue,2019,blue,suv,21628,1st,5
"Hyundai Venue SX 1.0  Turbo",Hyundai,Venue,2020,blue,suv,37005,1st,5
"Hyundai Venue SX 1.0  Turbo",Hyundai,Venue,2021,blue,suv,8873,1st,5
"Hyundai Verna [2011-2015] Fluidic 1.6 CRDi SX",Hyundai,Verna,2014,grey,sedan,72009,1st,5
"Hyundai Verna [2011-2015] Fluidic 1.6 CRDi SX Opt AT",Hyundai,Verna,2014,blue,sedan,78297,2nd,5
"Hyundai Verna [2011-2015] Fluidic 1.6 VTVT SX",Hyundai,Verna,2013,purple,sedan,59054,2nd,5
"Hyundai Verna [2011-2015] Fluidic 1.6 VTVT SX",Hyundai,Verna,2014,white,sedan,88267,1st,5
"Hyundai Verna [2011-2015] Fluidic 1.6 VTVT SX AT",Hyundai,Verna,2014,silver,sedan,52846,1st,5
"Hyundai Verna [2011-2015] Fluidic 1.6 VTVT SX Opt",Hyundai,Verna,2013,white,sedan,42283,1st,5
"Hyundai Verna [2011-2015] Fluidic 1.6 VTVT SX Opt",Hyundai,Verna,2014,white,sedan,45880,1st,5
"Hyundai Verna [2011-2015] Fluidic 1.6 VTVT SX Opt AT",Hyundai,Verna,2013,silver,sedan,84391,1st,5
"Hyundai Verna [2017-2020] 1.6 CRDI SX",Hyundai,Verna,2018,brown,sedan,87773,1st,5
"Hyundai Verna [2017-2020] 1.6 CRDI SX (O)",Hyundai,Verna,2018,silver,sedan,78981,1st,5
"Hyundai Verna [2017-2020] 1.6 VTVT SX",Hyundai,Verna,2018,orange,sedan,57046,1st,5
"Hyundai Verna [2017-2020] 1.6 VTVT SX",Hyundai,Verna,2019,white,sedan,40345,1st,5
"Hyundai Verna [2017-2020] 1.6 VTVT SX (O)",Hyundai,Verna,2018,brown,sedan,35623,2nd,5
"Hyundai Verna [2017-2020] 1.6 VTVT SX (O) AT",Hyundai,Verna,2017,silver,sedan,18732,1st,5
"Hyundai Verna [2017-2020] 1.6 VTVT SX (O) AT",Hyundai,Verna,2018,brown,sedan,25198,1st,5
"Hyundai Verna [2017-2020] 1.6 VTVT SX (O) AT",Hyundai,Verna,2019,silver,sedan,6165,1st,5
"Hyundai Verna SX Opt Diesel",Hyundai,Verna,2020,grey,sedan,16234,1st,5
"Hyundai Verna SX Opt IVT Petrol",Hyundai,Verna,2020,black,sedan,7594,1st,5
"Hyundai Verna SX Opt Petrol",Hyundai,Verna,2021,silver,sedan,21557,1st,5
"Hyundai Verna SX Opt Turbo Petrol",Hyundai,Verna,2020,black,sedan,32464,1st,5
"Hyundai Verna Transform [2010-2011] 1.6 SX VTVT",Hyundai,"Verna Transform",2011,white,sedan,75713,2nd,5
"Hyundai Xcent [2014-2017] S (O) Petrol",Hyundai,Xcent,2014,blue,sedan,48106,1st,5
"Hyundai Xcent [2014-2017] S Petrol",Hyundai,Xcent,2014,white,sedan,68363,1st,5
"Hyundai Xcent [2014-2017] S Petrol",Hyundai,Xcent,2015,white,sedan,89133,1st,5
"Hyundai Xcent [2014-2017] SX (O) Petrol",Hyundai,Xcent,2014,white,sedan,72801,1st,5
"Hyundai Xcent [2014-2017] SX AT (O) Petrol",Hyundai,Xcent,2014,blue,sedan,69402,1st,5
"Hyundai Xcent [2014-2017] SX AT (O) Petrol",Hyundai,Xcent,2015,blue,sedan,65025,1st,5
"Hyundai Xcent [2014-2017] SX Petrol",Hyundai,Xcent,2015,blue,sedan,66674,2nd,5
"Hyundai Xcent [2017-2019] S AT Petrol",Hyundai,Xcent,2017,red,sedan,36208,1st,5
"Hyundai Xcent [2017-2019] S Petrol",Hyundai,Xcent,2017,grey,sedan,45378,1st,5
"Hyundai Xcent [2017-2019] SX (O) Petrol",Hyundai,Xcent,2017,white,sedan,49335,2nd,5
"Hyundai Xcent [2017-2019] SX Petrol",Hyundai,Xcent,2017,grey,sedan,73591,1st,5
"Hyundai Xcent [2017-2019] SX Petrol",Hyundai,Xcent,2018,grey,sedan,14197,1st,5
"Hyundai Xcent [2017-2019] SX Petrol",Hyundai,Xcent,2019,grey,sedan,9421,1st,5
"JEEP Compass [2017-2021] Limited (O) 2.0 Diesel",Jeep,Compass,2017,blue,suv,44503,1st,5
"JEEP Compass [2017-2021] Limited 2.0 Diesel",Jeep,Compass,2017,black,suv,60049,1st,5
"JEEP Compass [2017-2021] Limited 2.0 Diesel 4x4",Jeep,Compass,2017,white,suv,50808,1st,5
"JEEP Compass [2017-2021] Longitude (O) 2.0 Diesel",Jeep,Compass,2017,red,suv,43091,2nd,5
"Kia Seltos GTX Plus",Kia,Seltos,2019,white,suv,27562,1st,5
"Kia Seltos GTX Plus",Kia,Seltos,2020,red,suv,14077,1st,5
"Kia Seltos GTX Plus DCT",Kia,Seltos,2019,white,suv,23801,1st,5
"Kia Seltos GTX Plus DCT",Kia,Seltos,2020,orange,suv,20930,1st,5
"Kia Seltos HTX G",Kia,Seltos,2020,red,suv,18499,1st,5
"Mahindra Scorpio [2014-2017] S10",Mahindra,Scorpio,2015,blue,suv,94751,2nd,7
"Mahindra Scorpio [2014-2017] S10 AT",Mahindra,Scorpio,2015,white,suv,72696,1st,7
"Mahindra Scorpio [2014-2017] S4 Plus",Mahindra,Scorpio,2015,white,suv,44987,1st,7
"Mahindra Scorpio [2014-2017] S4 Plus",Mahindra,Scorpio,2017,black,suv,46438,1st,7
"Mahindra Scorpio [2014-2017] S6 Plus",Mahindra,Scorpio,2016,black,suv,54656,1st,7
"Mahindra Scorpio [2017-2020] S9",Mahindra,Scorpio,2019,black,suv,42905,1st,7
"Mahindra TUV300 [2015-2020] T8 mHAWK100 AMT",Mahindra,TUV300,2017,blue,suv,69939,1st,7
"Mahindra XUV 300 W8 (O) Diesel",Mahindra,"XUV 300",2020,white,suv,39894,1st,5
"Mahindra XUV 300 W8 Diesel",Mahindra,"XUV 300",2020,black,suv,61411,1st,5
"Mahindra XUV500 [2011-2015] W8",Mahindra,XUV500,2015,silver,suv,66820,2nd,7
"Mahindra XUV500 [2015-2018] W10",Mahindra,XUV500,2015,white,suv,60985,1st,7
"Mahindra XUV500 [2015-2018] W10",Mahindra,XUV500,2017,white,suv,56418,1st,7
"Mahindra XUV500 [2015-2018] W8",Mahindra,XUV500,2015,silver,suv,71397,2nd,7
"Maruti Suzuki A-Star [2012-2014] VXI (ABS) AT","Maruti Suzuki",A-Star,2012,silver,hatchback,45008,2nd,5
"Maruti Suzuki Alto [2010-2013] LXI","Maruti Suzuki",Alto,2011,black,hatchback,16061,2nd,5
"Maruti Suzuki Alto 800 [2012-2016] LXI","Maruti Suzuki","Alto 800",2012,white,hatchback,66016,1st,5
"Maruti Suzuki Alto 800 [2012-2016] LXI","Maruti Suzuki","Alto 800",2013,red,hatchback,40545,1st,5
"Maruti Suzuki Alto 800 [2012-2016] LXI Anniversary Edition","Maruti Suzuki","Alto 800",2013,purple,hatchback,22801,1st,5
"Maruti Suzuki Alto 800 [2012-2016] Vxi","Maruti Suzuki","Alto 800",2015,red,hatchback,64323,1st,5
"Maruti Suzuki Alto 800 [2016-2019] Lxi","Maruti Suzuki","Alto 800",2019,red,hatchback,13505,1st,5
"Maruti Suzuki Alto 800 [2016-2019] Vxi","Maruti Suzuki","Alto 800",2017,grey,hatchback,10100,1st,5
"Maruti Suzuki Alto 800 [2016-2019] Vxi","Maruti Suzuki","Alto 800",2018,grey,hatchback,22849,1st,5
"Maruti Suzuki Alto 800 [2016-2019] VXI (O)","Maruti Suzuki","Alto 800",2018,grey,hatchback,23745,1st,5
"Maruti Suzuki Alto 800 Lxi","Maruti Suzuki","Alto 800",2019,white,hatchback,15928,1st,5
"Maruti Suzuki Alto 800 Lxi","Maruti Suzuki","Alto 800",2020,red,hatchback,22777,1st,5
"Maruti Suzuki Alto 800 Lxi","Maruti Suzuki","Alto 800",2021,silver,hatchback,21564,1st,5
"Maruti Suzuki Alto 800 Vxi","Maruti Suzuki","Alto 800",2019,grey,hatchback,18066,1st,5
"Maruti Suzuki Alto 800 Vxi","Maruti Suzuki","Alto 800",2020,grey,hatchback,16384,1st,5
"Maruti Suzuki Alto 800 Vxi","Maruti Suzuki","Alto 800",2021,grey,hatchback,10563,1st,5
"Maruti Suzuki Alto 800 Vxi Plus","Maruti Suzuki","Alto 800",2020,blue,hatchback,21075,1st,5
"Maruti Suzuki Alto 800 Vxi Plus","Maruti Suzuki","Alto 800",2021,white,hatchback,6363,1st,5
"Maruti Suzuki Alto K10 [2010-2014] LXi","Maruti Suzuki","Alto K10",2011,black,hatchback,54857,2nd,5
"Maruti Suzuki Alto K10 [2010-2014] VXi","Maruti Suzuki","Alto K10",2011,red,hatchback,79565,1st,5
"Maruti Suzuki Alto K10 [2010-2014] VXi","Maruti Suzuki","Alto K10",2012,red,hatchback,67041,1st,5
"Maruti Suzuki Alto K10 [2010-2014] VXi","Maruti Suzuki","Alto K10",2013,red,hatchback,74834,1st,5
"Maruti Suzuki Alto K10 [2014-2019] VXi","Maruti Suzuki","Alto K10",2015,silver,hatchback,39807,1st,5
"Maruti Suzuki Alto K10 [2014-2019] VXi","Maruti Suzuki","Alto K10",2016,grey,hatchback,21812,1st,5
"Maruti Suzuki Alto K10 [2014-2019] VXi","Maruti Suzuki","Alto K10",2017,grey,hatchback,32419,1st,5
"Maruti Suzuki Alto K10 [2014-2019] VXi","Maruti Suzuki","Alto K10",2018,red,hatchback,64194,1st,5
"Maruti Suzuki Alto K10 [2014-2019] VXi","Maruti Suzuki","Alto K10",2019,grey,hatchback,35607,1st,5
"Maruti Suzuki Alto K10 [2014-2019] VXi (O)","Maruti Suzuki","Alto K10",2016,white,hatchback,24374,1st,5
"Maruti Suzuki Alto K10 [2014-2019] VXi (O)","Maruti Suzuki","Alto K10",2017,grey,hatchback,30406,1st,5
"Maruti Suzuki Alto K10 [2014-2019] VXi (O)","Maruti Suzuki","Alto K10",2019,silver,hatchback,50437,2nd,5
"Maruti Suzuki Alto K10 [2014-2019] VXI AMT (O)","Maruti Suzuki","Alto K10",2017,grey,hatchback,46289,2nd,5
"Maruti Suzuki Alto K10 [2014-2019] VXI AMT (O)","Maruti Suzuki","Alto K10",2019,orange,hatchback,16712,2nd,5
"Maruti Suzuki Baleno [2015-2019] Alpha Diesel","Maruti Suzuki",Baleno,2018,orange,hatchback,27941,1st,5
"Maruti Suzuki Baleno [2015-2019] Alpha Petrol","Maruti Suzuki",Baleno,2015,blue,hatchback,63035,2nd,5
"Maruti Suzuki Baleno [2015-2019] Alpha Petrol","Maruti Suzuki",Baleno,2016,red,hatchback,96236,1st,5
"Maruti Suzuki Baleno [2015-2019] Alpha Petrol","Maruti Suzuki",Baleno,2017,blue,hatchback,15748,1st,5
"Maruti Suzuki Baleno [2015-2019] Alpha Petrol","Maruti Suzuki",Baleno,2018,blue,hatchback,16373,1st,5
"Maruti Suzuki Baleno [2015-2019] Delta Diesel","Maruti Suzuki",Baleno,2017,grey,hatchback,64528,1st,5
"Maruti Suzuki Baleno [2015-2019] Delta Petrol","Maruti Suzuki",Baleno,2016,blue,hatchback,62811,1st,5
"Maruti Suzuki Baleno [2015-2019] Zeta AT Petrol","Maruti Suzuki",Baleno,2018,grey,hatchback,27626,1st,5
"Maruti Suzuki Baleno [2015-2019] Zeta Petrol","Maruti Suzuki",Baleno,2015,blue,hatchback,56207,1st,5
"Maruti Suzuki Baleno [2015-2019] Zeta Petrol","Maruti Suzuki",Baleno,2017,blue,hatchback,33113,1st,5
"Maruti Suzuki Baleno [2015-2019] Zeta Petrol","Maruti Suzuki",Baleno,2018,blue,hatchback,16123,1st,5
"Maruti Suzuki Baleno [2019-2020] Alpha Diesel","Maruti Suzuki",Baleno,2019,blue,hatchback,30420,1st,5
"Maruti Suzuki Baleno [2019-2022] Alpha AT Petrol","Maruti Suzuki",Baleno,2019,grey,hatchback,17246,1st,5
"Maruti Suzuki Baleno [2019-2022] Alpha Petrol","Maruti Suzuki",Baleno,2019,white,hatchback,32801,1st,5
"Maruti Suzuki Baleno [2019-2022] Delta Petrol","Maruti Suzuki",Baleno,2019,blue,hatchback,24618,1st,5
"Maruti Suzuki Baleno [2019-2022] Delta Petrol","Maruti Suzuki",Baleno,2020,blue,hatchback,4337,1st,5
"Maruti Suzuki Baleno [2019-2022] Zeta AT Petrol","Maruti Suzuki",Baleno,2019,blue,hatchback,27053,1st,5
"Maruti Suzuki Celerio [2014-2021] VXi","Maruti Suzuki",Celerio,2014,yellow,hatchback,22598,1st,5
"Maruti Suzuki Celerio [2014-2021] VXi","Maruti Suzuki",Celerio,2015,silver,hatchback,53848,2nd,5
"Maruti Suzuki Celerio [2014-2021] VXI (O)","Maruti Suzuki",Celerio,2017,silver,hatchback,79767,1st,5
"Maruti Suzuki Celerio [2014-2021] VXi AMT","Maruti Suzuki",Celerio,2014,silver,hatchback,63746,3rd,5
"Maruti Suzuki Celerio [2014-2021] VXi AMT","Maruti Suzuki",Celerio,2015,red,hatchback,68859,1st,5
"Maruti Suzuki Celerio [2014-2021] VXi AMT","Maruti Suzuki",Celerio,2019,grey,hatchback,19550,1st,5
"Maruti Suzuki Celerio [2014-2021] VXi AMT (O)","Maruti Suzuki",Celerio,2016,white,hatchback,54635,1st,5
"Maruti Suzuki Celerio [2014-2021] VXi AMT (O)","Maruti Suzuki",Celerio,2017,white,hatchback,79503,1st,5
"Maruti Suzuki Celerio [2014-2021] ZXi (O)","Maruti Suzuki",Celerio,2018,silver,hatchback,45560,1st,5
"Maruti Suzuki Celerio [2014-2021] ZXi (O) AMT","Maruti Suzuki",Celerio,2017,grey,hatchback,84623,1st,5
"Maruti Suzuki Celerio [2014-2021] ZXi AMT","Maruti Suzuki",Celerio,2015,white,hatchback,23217,1st,5
"Maruti Suzuki Celerio [2014-2021] ZXi AMT","Maruti Suzuki",Celerio,2016,red,hatchback,44272,1st,5
"Maruti Suzuki Celerio [2014-2021] ZXi AMT","Maruti Suzuki",Celerio,2017,grey,hatchback,43785,1st,5
"Maruti Suzuki Celerio [2014-2021] ZXi AMT","Maruti Suzuki",Celerio,2018,grey,hatchback,29492,1st,5
"Maruti Suzuki Celerio ZXi AMT","Maruti Suzuki",Celerio,2021,grey,hatchback,5992,1st,5
"Maruti Suzuki Celerio ZXi Plus","Maruti Suzuki",Celerio,2021,white,hatchback,14853,1st,5
"Maruti Suzuki Celerio ZXi Plus","Maruti Suzuki",Celerio,2022,grey,hatchback,6900,1st,5
"Maruti Suzuki Ciaz [2014-2017] ZXi","Maruti Suzuki",Ciaz,2014,black,sedan,44815,1st,5
"Maruti Suzuki Ciaz [2014-2017] ZXi AT","Maruti Suzuki",Ciaz,2015,white,sedan,30228,1st,5
"Maruti Suzuki Ciaz [2014-2017] ZXi AT","Maruti Suzuki",Ciaz,2016,red,sedan,31207,1st,5
"Maruti Suzuki Ciaz [2014-2017] ZXI+","Maruti Suzuki",Ciaz,2015,silver,sedan,56221,1st,5
"Maruti Suzuki Ciaz [2014-2017] ZXI+","Maruti Suzuki",Ciaz,2016,brown,sedan,69045,1st,5
"Maruti Suzuki Ciaz [2014-2017] ZXI+","Maruti Suzuki",Ciaz,2017,grey,sedan,21365,1st,5
"Maruti Suzuki Ciaz [2014-2017] ZXI+ AT","Maruti Suzuki",Ciaz,2016,brown,sedan,99144,1st,5
"Maruti Suzuki Ciaz [2017-2018] Alpha AT","Maruti Suzuki",Ciaz,2018,silver,sedan,92118,1st,5
"Maruti Suzuki Ciaz Alpha AT Petrol","Maruti Suzuki",Ciaz,2019,white,sedan,15251,2nd,5
"Maruti Suzuki Ciaz Alpha AT Petrol","Maruti Suzuki",Ciaz,2020,grey,sedan,30752,1st,5
"Maruti Suzuki Ciaz Alpha AT Petrol","Maruti Suzuki",Ciaz,2021,grey,sedan,13554,1st,5
"Maruti Suzuki Ciaz Alpha Petrol","Maruti Suzuki",Ciaz,2019,blue,sedan,28618,1st,5
"Maruti Suzuki Ciaz Alpha Petrol","Maruti Suzuki",Ciaz,2020,silver,sedan,19958,1st,5
"Maruti Suzuki Ciaz Alpha Petrol","Maruti Suzuki",Ciaz,2021,grey,sedan,12031,1st,5
"Maruti Suzuki Ciaz Alpha(Petrol)","Maruti Suzuki",Ciaz,2017,grey,sedan,47123,1st,5
"Maruti Suzuki Ciaz Alpha(Petrol)","Maruti Suzuki",Ciaz,2018,blue,sedan,48524,1st,5
"Maruti Suzuki Ciaz Delta Petrol","Maruti Suzuki",Ciaz,2020,white,sedan,10381,1st,5
"Maruti Suzuki Ciaz S Petrol","Maruti Suzuki",Ciaz,2020,silver,sedan,70245,1st,5
"Maruti Suzuki Ciaz Zeta AT Petrol","Maruti Suzuki",Ciaz,2018,white,sedan,15221,1st,5
"Maruti Suzuki Dzire [2017-2020] VDI","Maruti Suzuki",Dzire,2018,white,sedan,50664,1st,5
"Maruti Suzuki Dzire [2017-2020] VDi AMT","Maruti Suzuki",Dzire,2017,brown,sedan,64458,1st,5
"Maruti Suzuki Dzire [2017-2020] VXI AMT","Maruti Suzuki",Dzire,2018,blue,sedan,32170,1st,5
"Maruti Suzuki Dzire [2017-2020] ZXI","Maruti Suzuki",Dzire,2017,blue,sedan,36922,2nd,5
"Maruti Suzuki Dzire [2017-2020] ZXI","Maruti Suzuki",Dzire,2018,grey,sedan,16491,1st,5
"Maruti Suzuki Dzire [2017-2020] ZXi AMT","Maruti Suzuki",Dzire,2017,grey,sedan,34004,1st,5
"Maruti Suzuki Dzire [2017-2020] ZXi Plus","Maruti Suzuki",Dzire,2018,brown,sedan,59847,1st,5
"Maruti Suzuki Dzire [2017-2020] ZXi Plus","Maruti Suzuki",Dzire,2019,white,sedan,11499,1st,5
"Maruti Suzuki Dzire [2017-2020] ZXi Plus AMT","Maruti Suzuki",Dzire,2017,blue,sedan,28833,1st,5
"Maruti Suzuki Dzire [2017-2020] ZXi Plus AMT","Maruti Suzuki",Dzire,2018,blue,sedan,27902,1st,5
"Maruti Suzuki Dzire [2017-2020] ZXi Plus AMT","Maruti Suzuki",Dzire,2019,brown,sedan,31330,2nd,5
"Maruti Suzuki Dzire VXI","Maruti Suzuki",Dzire,2021,silver,sedan,15443,1st,5
"Maruti Suzuki Dzire ZXI","Maruti Suzuki",Dzire,2021,blue,sedan,5744,1st,5
"Maruti Suzuki Eeco 5 STR WITH A/C+HTR","Maruti Suzuki",Eeco,2017,silver,muv,75728,1st,5
"Maruti Suzuki Eeco 5 STR WITH A/C+HTR","Maruti Suzuki",Eeco,2018,grey,muv,24630,1st,5
"Maruti Suzuki Eeco 5 STR WITH A/C+HTR","Maruti Suzuki",Eeco,2019,grey,muv,27462,1st,5
"Maruti Suzuki Eeco AC 5 STR","Maruti Suzuki",Eeco,2020,silver,muv,26190,1st,5
"Maruti Suzuki Eeco AC 5 STR","Maruti Suzuki",Eeco,2021,silver,muv,14560,1st,5
"Maruti Suzuki Ertiga [2012-2015] Vxi","Maruti Suzuki",Ertiga,2013,silver,muv,91796,1st,7
"Maruti Suzuki Ertiga [2012-2015] Vxi","Maruti Suzuki",Ertiga,2015,brown,muv,5475,1st,7
"Maruti Suzuki Ertiga [2012-2015] ZDi","Maruti Suzuki",Ertiga,2015,brown,muv,51844,1st,7
"Maruti Suzuki Ertiga [2012-2015] ZXi","Maruti Suzuki",Ertiga,2013,grey,muv,67020,1st,7
"Maruti Suzuki Ertiga [2015-2018] ZDI","Maruti Suzuki",Ertiga,2016,white,muv,54971,1st,7
"Maruti Suzuki Ertiga [2015-2018] ZDI + SHVS","Maruti Suzuki",Ertiga,2016,blue,muv,35128,1st,7
"Maruti Suzuki Ertiga [2015-2018] ZDI + SHVS","Maruti Suzuki",Ertiga,2018,blue,muv,58025,1st,7
"Maruti Suzuki Ignis [2017-2020] Alpha AMT Petrol","Maruti Suzuki",Ignis,2018,blue,hatchback,24811,1st,5
"Maruti Suzuki Ignis [2017-2020] Alpha MT Petrol","Maruti Suzuki",Ignis,2017,blue,hatchback,26203,1st,5
"Maruti Suzuki Ignis [2017-2020] Zeta AMT Petrol","Maruti Suzuki",Ignis,2018,red,hatchback,57286,1st,5
"Maruti Suzuki Omni [2011-2019] 5 STR BS-IV","Maruti Suzuki",Omni,2016,silver,muv,38717,1st,5
"Maruti Suzuki Omni [2011-2019] E 8 STR BS-IV","Maruti Suzuki",Omni,2014,silver,muv,57964,2nd,8
"Maruti Suzuki Omni [2011-2019] E 8 STR BS-IV","Maruti Suzuki",Omni,2019,blue,muv,27409,1st,8
"Maruti Suzuki Ritz [2009-2012] Vdi","Maruti Suzuki",Ritz,2012,white,hatchback,46447,1st,5
"Maruti Suzuki Ritz [2009-2012] VXI","Maruti Suzuki",Ritz,2011,brown,hatchback,53349,1st,5
"Maruti Suzuki Ritz [2009-2012] VXI","Maruti Suzuki",Ritz,2012,silver,hatchback,70568,2nd,5
"Maruti Suzuki Ritz [2012-2017] Vxi","Maruti Suzuki",Ritz,2013,silver,hatchback,59010,1st,5
"Maruti Suzuki Ritz [2012-2017] Vxi","Maruti Suzuki",Ritz,2014,red,hatchback,48449,1st,5
"Maruti Suzuki Ritz [2012-2017] Vxi","Maruti Suzuki",Ritz,2015,red,hatchback,14593,1st,5
"Maruti Suzuki Ritz [2012-2017] Zxi","Maruti Suzuki",Ritz,2014,grey,hatchback,45887,2nd,5
"Maruti Suzuki Ritz [2012-2017] Zxi","Maruti Suzuki",Ritz,2016,white,hatchback,56280,1st,5
"Maruti Suzuki S-Cross [2015-2020] Sigma 1.3","Maruti Suzuki",S-Cross,2017,brown,suv,83551,1st,5
"Maruti Suzuki S-Cross [2015-2020] Zeta 1.3","Maruti Suzuki",S-Cross,2015,white,suv,39515,1st,5
"Maruti Suzuki S-Cross [2015-2020] Zeta 1.3","Maruti Suzuki",S-Cross,2016,brown,suv,52220,1st,5
"Maruti Suzuki S-Cross [2017-2020] Zeta 1.3","Maruti Suzuki",S-Cross,2018,blue,suv,52291,2nd,5
"Maruti Suzuki S-Cross Alpha 1.5","Maruti Suzuki",S-Cross,2020,blue,suv,20156,1st,5
"Maruti Suzuki S-Presso VXI","Maruti Suzuki",S-Presso,2019,blue,hatchback,3474,1st,5
"Maruti Suzuki S-Presso VXI","Maruti Suzuki",S-Presso,2020,grey,hatchback,18282,1st,5
"Maruti Suzuki S-Presso VXI","Maruti Suzuki",S-Presso,2021,grey,hatchback,15836,1st,5
"Maruti Suzuki S-Presso VXI CNG","Maruti Suzuki",S-Presso,2021,silver,hatchback,17101,1st,5
"Maruti Suzuki S-Presso VXI Opt CNG","Maruti Suzuki",S-Presso,2022,white,hatchback,12076,1st,5
"Maruti Suzuki S-Presso VXI+","Maruti Suzuki",S-Presso,2019,white,hatchback,15878,2nd,5
"Maruti Suzuki S-Presso VXI+","Maruti Suzuki",S-Presso,2020,grey,hatchback,6470,1st,5
"Maruti Suzuki S-Presso VXI+","Maruti Suzuki",S-Presso,2021,red,hatchback,2163,1st,5
"Maruti Suzuki Swift [2007-2011] VXi","Maruti Suzuki",Swift,2011,silver,hatchback,53160,1st,5
"Maruti Suzuki Swift [2007-2011] VXI ABS","Maruti Suzuki",Swift,2011,grey,hatchback,51210,2nd,5
"Maruti Suzuki Swift [2011-2017] VDi","Maruti Suzuki",Swift,2012,black,hatchback,82049,1st,5
"Maruti Suzuki Swift [2011-2017] VDi","Maruti Suzuki",Swift,2013,red,hatchback,77692,1st,5
"Maruti Suzuki Swift [2011-2017] VDi","Maruti Suzuki",Swift,2014,silver,hatchback,74660,2nd,5
"Maruti Suzuki Swift [2011-2017] VXI","Maruti Suzuki",Swift,2013,white,hatchback,47013,1st,5
"Maruti Suzuki Swift [2011-2017] ZDi","Maruti Suzuki",Swift,2014,grey,hatchback,48079,1st,5
"Maruti Suzuki Swift [2017-2020] ZDi Plus","Maruti Suzuki",Swift,2018,red,hatchback,73950,1st,5
"Maruti Suzuki Swift [2017-2021] LXI","Maruti Suzuki",Swift,2021,blue,hatchback,9384,1st,5
"Maruti Suzuki Swift [2017-2021] VXi","Maruti Suzuki",Swift,2020,grey,hatchback,8249,1st,5
"Maruti Suzuki Swift [2017-2021] VXI AMT","Maruti Suzuki",Swift,2020,red,hatchback,38199,2nd,5
"Maruti Suzuki Swift [2017-2021] ZXI","Maruti Suzuki",Swift,2019,white,hatchback,31994,1st,5
"Maruti Suzuki Swift [2017-2021] ZXi AMT","Maruti Suzuki",Swift,2019,grey,hatchback,21992,2nd,5
"Maruti Suzuki Swift [2017-2021] ZXi AMT","Maruti Suzuki",Swift,2021,white,hatchback,9752,1st,5
"Maruti Suzuki Swift [2017-2021] ZXi Plus","Maruti Suzuki",Swift,2019,red,hatchback,15508,1st,5
"Maruti Suzuki Swift [2017-2021] ZXi Plus","Maruti Suzuki",Swift,2020,red,hatchback,27437,1st,5
"Maruti Suzuki Swift Dzire [2008-2012] VXI","Maruti Suzuki","Swift Dzire",2011,grey,sedan,71460,1st,5
"Maruti Suzuki Swift Dzire [2012-2017] VDI","Maruti Suzuki","Swift Dzire",2012,beige,sedan,70628,1st,5
"Maruti Suzuki Swift Dzire [2012-2017] VDI","Maruti Suzuki","Swift Dzire",2013,silver,sedan,61796,1st,5
"Maruti Suzuki Swift Dzire [2012-2017] VXi","Maruti Suzuki","Swift Dzire",2012,silver,sedan,37258,1st,5
"Maruti Suzuki Swift Dzire [2012-2017] VXi","Maruti Suzuki","Swift Dzire",2013,grey,sedan,74652,1st,5
"Maruti Suzuki Swift Dzire [2012-2017] VXI AT","Maruti Suzuki","Swift Dzire",2014,white,sedan,70563,2nd,5
"Maruti Suzuki Swift Dzire [2012-2017] ZXI","Maruti Suzuki","Swift Dzire",2014,blue,sedan,28562,1st,5
"Maruti Suzuki Swift VXI","Maruti Suzuki",Swift,2021,red,hatchback,7881,1st,5
"Maruti Suzuki Swift VXI AMT","Maruti Suzuki",Swift,2022,silver,hatchback,11047,1st,5
"Maruti Suzuki Vitara Brezza [2016-2020] VDi","Maruti Suzuki","Vitara Brezza",2017,blue,suv,53719,1st,5
"Maruti Suzuki Vitara Brezza [2016-2020] VDi (O)","Maruti Suzuki","Vitara Brezza",2016,white,suv,38729,1st,5
"Maruti Suzuki Vitara Brezza [2016-2020] ZDi","Maruti Suzuki","Vitara Brezza",2017,white,suv,28476,1st,5
"Maruti Suzuki Vitara Brezza [2016-2020] ZDI PLUS Dual Tone","Maruti Suzuki","Vitara Brezza",2016,yellow,suv,40003,1st,5
"Maruti Suzuki Vitara Brezza [2018-2020] ZDi AMT","Maruti Suzuki","Vitara Brezza",2018,silver,suv,35042,1st,5
"Maruti Suzuki Vitara Brezza [2018-2020] ZDI PLUS AT Dual Tone","Maruti Suzuki","Vitara Brezza",2018,red,suv,31570,1st,5
"Maruti Suzuki Vitara Brezza [2018-2020] ZDI PLUS AT Dual Tone","Maruti Suzuki","Vitara Brezza",2019,red,suv,15418,1st,5
"Maruti Suzuki Wagon R 1.0 [2010-2019] LXI","Maruti Suzuki","Wagon R 1.0",2011,brown,hatchback,43763,1st,5
"Maruti Suzuki Wagon R 1.0 [2010-2019] LXI","Maruti Suzuki","Wagon R 1.0",2012,grey,hatchback,40078,1st,5
"Maruti Suzuki Wagon R 1.0 [2010-2019] VXI","Maruti Suzuki","Wagon R 1.0",2011,brown,hatchback,96939,1st,5
"Maruti Suzuki Wagon R 1.0 [2010-2019] VXI","Maruti Suzuki","Wagon R 1.0",2012,blue,hatchback,53015,2nd,5
"Maruti Suzuki Wagon R 1.0 [2010-2019] VXI","Maruti Suzuki","Wagon R 1.0",2013,grey,hatchback,55995,1st,5
"Maruti Suzuki Wagon R 1.0 [2015-2019] VXI AMT","Maruti Suzuki","Wagon R 1.0",2016,white,hatchback,83377,1st,5
"Maruti Suzuki Wagon R 1.0 [2015-2019] VXI AMT","Maruti Suzuki","Wagon R 1.0",2017,grey,hatchback,27876,1st,5
"Maruti Suzuki Wagon R 1.2 [2019-2022] ZXI","Maruti Suzuki","Wagon R 1.2",2019,silver,hatchback,18988,1st,5
"MG Motors Hector 1.5 Hybrid Sharp DCT Dual Tone","MG Motors",Hector,2020,red,suv,8265,1st,5
"MG Motors Hector 1.5 Hybrid Smart","MG Motors",Hector,2019,black,suv,28787,1st,5
"MG Motors Hector 1.5 Sharp DCT AT","MG Motors",Hector,2019,red,suv,25219,1st,5
"MG Motors Hector 1.5 Sharp DCT AT","MG Motors",Hector,2020,maroon,suv,33433,1st,5
"MG Motors Hector 2.0 Sharp","MG Motors",Hector,2020,white,suv,36581,1st,5
"MG Motors Hector 2.0 Sharp","MG Motors",Hector,2021,white,suv,49279,1st,5
"MG Motors Hector Plus Sharp 1.5 Petrol Turbo DCT 6-STR","MG Motors","Hector Plus",2020,black,suv,44897,1st,6
"Nissan Magnite XV Premium Turbo (O)",Nissan,Magnite,2021,silver,suv,8197,1st,5
"Nissan Magnite XV Premium Turbo CVT",Nissan,Magnite,2022,brown,suv,3832,1st,5
"Nissan Magnite XV Premium Turbo CVT (O)",Nissan,Magnite,2022,red,suv,5129,1st,5
"Nissan Micra Active [2012-2020] XV Safety Pack",Nissan,"Micra Active",2015,silver,hatchback,48656,1st,5
"Renault Captur [2017-2020] RXT Dual Tone",Renault,Captur,2017,brown,suv,16556,2nd,5
"Renault Captur [2017-2020] RXT Dual Tone",Renault,Captur,2018,brown,suv,6603,1st,5
"Renault Duster [2012-2015] 85 PS RxL (Opt)",Renault,Duster,2013,silver,suv,88547,1st,5
"Renault Duster [2012-2015] 85 PS RxL (Opt)",Renault,Duster,2014,silver,suv,85751,1st,5
"Renault Duster [2015-2016] 85 PS RXL EXPLORE",Renault,Duster,2015,white,suv,87057,1st,5
"Renault Duster [2015-2019] 110 PS RXL 4X2 MT",Renault,Duster,2015,red,suv,59680,1st,5
"Renault Duster [2015-2019] 110 PS RXZ 4X2 AMT",Renault,Duster,2016,orange,suv,69658,1st,5
"Renault Duster [2015-2019] 110 PS RXZ 4X2 AMT",Renault,Duster,2017,orange,suv,70137,1st,5
"Renault Duster [2015-2019] 110 PS RXZ 4X2 AMT",Renault,Duster,2018,grey,suv,18005,1st,5
"Renault Duster [2015-2019] 110 PS RXZ 4X2 MT",Renault,Duster,2018,bronze,suv,57995,1st,5
"Renault Duster [2015-2019] 85 PS RXZ 4X2 MT",Renault,Duster,2017,bronze,suv,77127,2nd,5
"Renault Duster RXS Petrol",Renault,Duster,2021,grey,suv,19722,1st,5
"Renault Kiger RXT MT",Renault,Kiger,2022,blue,suv,11031,1st,5
"Renault Kiger RXT MT Dual Tone",Renault,Kiger,2021,silver,suv,21304,1st,5
"Renault Kiger RXZ AMT Dual Tone",Renault,Kiger,2021,grey,suv,30322,1st,5
"Renault Kiger RXZ MT Dual Tone",Renault,Kiger,2021,white,suv,17120,1st,5
"Renault Kiger RXZ Turbo CVT",Renault,Kiger,2021,white,suv,9034,1st,5
"Renault Kwid [2015-2019] 1.0 RXT Opt",Renault,Kwid,2019,grey,hatchback,37865,1st,5
"Renault Kwid [2015-2019] RXE",Renault,Kwid,2015,bronze,hatchback,33390,1st,5
"Renault Kwid [2015-2019] RXL",Renault,Kwid,2018,bronze,hatchback,56387,1st,5
"Renault Kwid [2015-2019] RXL",Renault,Kwid,2019,grey,hatchback,4776,1st,5
"Renault Kwid [2015-2019] RXT",Renault,Kwid,2017,grey,hatchback,29907,1st,5
"Renault Kwid [2015-2019] RXT",Renault,Kwid,2018,red,hatchback,12582,1st,5
"Renault Kwid [2015-2019] RXT Opt",Renault,Kwid,2019,grey,hatchback,22356,1st,5
"Renault Kwid [2016-2019] 1.0 RXT",Renault,Kwid,2017,white,hatchback,71696,1st,5
"Renault Kwid [2017-2019] CLIMBER 1.0 AMT",Renault,Kwid,2019,bronze,hatchback,21996,1st,5
"Renault Kwid [2017-2019] RXT 1.0 SCE Special (O)",Renault,Kwid,2019,grey,hatchback,13111,1st,5
"Renault Kwid 1.0 RXL",Renault,Kwid,2021,blue,hatchback,9285,1st,5
"Renault Kwid 1.0 RXL AMT",Renault,Kwid,2020,bronze,hatchback,27664,1st,5
"Renault Kwid 1.0 RXT AMT",Renault,Kwid,2017,bronze,hatchback,35680,1st,5
"Renault Kwid 1.0 RXT Opt",Renault,Kwid,2019,bronze,hatchback,26350,2nd,5
"Renault Kwid 1.0 RXT Opt",Renault,Kwid,2020,bronze,hatchback,21887,1st,5
"Renault Kwid 1.0 RXT Opt",Renault,Kwid,2021,white,hatchback,13069,1st,5
"Renault Kwid 1.0 RXT Opt",Renault,Kwid,2022,white,hatchback,7342,1st,5
"Renault Kwid CLIMBER 1.0 AMT",Renault,Kwid,2019,blue,hatchback,18638,1st,5
"Renault Kwid CLIMBER 1.0 AMT Opt",Renault,Kwid,2020,blue,hatchback,36069,1st,5
"Renault Kwid RXL",Renault,Kwid,2021,blue,hatchback,5564,1st,5
"Renault Kwid RXT",Renault,Kwid,2019,white,hatchback,23160,1st,5
"Renault Kwid RXT",Renault,Kwid,2021,silver,hatchback,25170,1st,5
"Renault Lodgy [2015-2019] 110 PS RxL",Renault,Lodgy,2015,silver,muv,70520,1st,8
"Renault Lodgy [2015-2019] 110 PS RXZ",Renault,Lodgy,2015,silver,muv,73760,1st,8
"Renault Scala [2012-2018] RxZ Diesel",Renault,Scala,2014,black,sedan,34080,1st,5
"Renault Triber RXT",Renault,Triber,2020,yellow,muv,35400,1st,7
"Renault Triber RXZ",Renault,Triber,2019,white,muv,11074,1st,7
"Renault Triber RXZ",Renault,Triber,2020,blue,muv,57503,1st,7
"Renault Triber RXZ",Renault,Triber,2021,white,muv,7227,1st,7
"Renault Triber RXZ AMT",Renault,Triber,2020,yellow,muv,62659,1st,7
"Skoda Rapid [2011-2016] Ambition Diesel MT",Skoda,Rapid,2012,white,sedan,93981,2nd,5
"Skoda Rapid [2011-2016] Elegance 1.6 MPI AT",Skoda,Rapid,2012,silver,sedan,52326,1st,5
"Skoda Rapid [2011-2016] Elegance Diesel MT",Skoda,Rapid,2012,beige,sedan,99495,1st,5
"Skoda Superb [2014-2016] Elegance 1.8 TSI AT",Skoda,Superb,2014,red,sedan,46103,2nd,5
"Skoda Superb [2019-2020] L&K TSI AT",Skoda,Superb,2019,black,sedan,9686,1st,5
"Tata Altroz XE 1.5",Tata,Altroz,2021,grey,hatchback,12002,1st,5
"Tata Altroz XZ 1.2",Tata,Altroz,2020,golden,hatchback,16329,1st,5
"Tata Altroz XZ 1.2",Tata,Altroz,2021,grey,hatchback,9936,1st,5
"Tata Altroz XZ Plus Turbo",Tata,Altroz,2022,red,hatchback,8560,1st,5
"Tata Altroz XZA+",Tata,Altroz,2022,red,hatchback,1540,1st,5
"Tata Harrier XZ",Tata,Harrier,2019,grey,suv,92603,1st,5
"Tata Harrier XZ Dual Tone",Tata,Harrier,2019,white,suv,19589,1st,5
"Tata Harrier XZ Dual Tone",Tata,Harrier,2020,red,suv,24315,1st,5
"Tata Harrier XZ Dual Tone",Tata,Harrier,2021,white,suv,16090,1st,5
"Tata Harrier XZA Plus Dark Edition AT",Tata,Harrier,2021,black,suv,38143,1st,5
"Tata Nano [2008-2014] LX",Tata,Nano,2013,blue,hatchback,33744,1st,4
"Tata Nano GenX [2015-2018] XT",Tata,"Nano GenX",2015,purple,hatchback,44736,1st,5
"Tata Nexon [2017-2020] XZ Plus Diesel",Tata,Nexon,2018,red,suv,35730,1st,5
"Tata Punch Accomplished AMT",Tata,Punch,2022,white,suv,3679,1st,5
"Tata Punch Creative Dual Tone",Tata,Punch,2022,white,suv,19734,1st,5
"Tata Punch Creative IRA Dual Tone",Tata,Punch,2021,bronze,suv,6491,1st,5
"Tata Punch Creative Kaziranga Edition",Tata,Punch,2022,beige,suv,3174,1st,5
"Tata Safari XZA Plus",Tata,Safari,2021,grey,suv,15059,1st,7
"Tata Tiago [2016-2020] Revotron XT",Tata,Tiago,2019,grey,hatchback,45607,1st,5
"Tata Tiago Revotron XZ Plus",Tata,Tiago,2020,yellow,hatchback,16123,1st,5
"Tata Zest [2014-2019] XT Petrol",Tata,Zest,2017,silver,sedan,7697,1st,5
"Toyota Corolla Altis [2014-2017] G Petrol",Toyota,"Corolla Altis",2016,black,sedan,47767,1st,5
"Toyota Etios [2010-2017] G",Toyota,Etios,2012,silver,sedan,67312,2nd,5
"Toyota Etios [2010-2017] G",Toyota,Etios,2014,grey,sedan,72359,1st,5
"Toyota Etios [2010-2017] V",Toyota,Etios,2013,red,sedan,51187,1st,5
"Toyota Etios [2010-2017] VX",Toyota,Etios,2011,black,sedan,62193,1st,5
"Toyota Etios Liva [2010-2017] G",Toyota,"Etios Liva",2011,silver,hatchback,50857,1st,5
"Toyota Etios Liva [2010-2017] V",Toyota,"Etios Liva",2011,red,hatchback,50009,1st,5
"Toyota Etios Liva [2010-2017] V",Toyota,"Etios Liva",2012,silver,hatchback,42200,2nd,5
"Toyota Etios Liva [2017-2020] VX Dual Tone",Toyota,"Etios Liva",2017,blue,hatchback,17791,1st,5
"Toyota Etios Liva [2017-2020] VX Dual Tone",Toyota,"Etios Liva",2018,white,hatchback,18170,1st,5
"Toyota Glanza [2019-2022] G",Toyota,Glanza,2020,white,hatchback,30130,1st,5
"Toyota Glanza [2019-2022] G",Toyota,Glanza,2021,red,hatchback,6738,1st,5
"Toyota Yaris [2018-2021] J",Toyota,Yaris,2018,white,sedan,35913,2nd,5
"Toyota Yaris [2018-2021] J",Toyota,Yaris,2019,brown,sedan,9242,1st,5
"Toyota Yaris [2018-2021] J",Toyota,Yaris,2020,brown,sedan,7122,1st,5
"Toyota Yaris [2018-2021] J CVT",Toyota,Yaris,2020,white,sedan,13768,1st,5
"Toyota Yaris [2018-2021] VX CVT",Toyota,Yaris,2018,brown,sedan,73664,1st,5
"Toyota Yaris [2018-2021] VX CVT",Toyota,Yaris,2020,red,sedan,26653,2nd,5
"Volkswagen Ameo [2016-2017] Highline 1.5L AT (D)",Volkswagen,Ameo,2017,silver,sedan,44611,1st,5
"Volkswagen Ameo [2016-2020] Comfortline 1.2L (P)",Volkswagen,Ameo,2016,blue,sedan,64313,1st,5
"Volkswagen Ameo [2016-2020] Highline1.2L (P)",Volkswagen,Ameo,2016,brown,sedan,26094,1st,5
"Volkswagen Ameo [2016-2020] Highline1.2L (P)",Volkswagen,Ameo,2017,grey,sedan,33269,1st,5
"Volkswagen Ameo [2016-2020] Highline1.2L Plus (P)",Volkswagen,Ameo,2017,brown,sedan,32492,1st,5
"Volkswagen Jetta [2013-2017] Comfortline TDI",Volkswagen,Jetta,2014,brown,sedan,83265,2nd,5
"Volkswagen Polo [2010-2014] Comfortline 1.2L (P)",Volkswagen,Polo,2011,white,hatchback,92227,2nd,5
"Volkswagen Polo [2010-2014] Comfortline 1.2L (P)",Volkswagen,Polo,2012,silver,hatchback,64878,1st,5
"Volkswagen Polo [2010-2014] Highline1.2L (P)",Volkswagen,Polo,2011,silver,hatchback,68645,2nd,5
"Volkswagen Polo [2010-2014] Highline1.2L (P)",Volkswagen,Polo,2013,grey,hatchback,53735,1st,5
"Volkswagen Polo [2014-2020] Highline 1.5 (D)",Volkswagen,Polo,2014,blue,hatchback,54723,1st,5
"Volkswagen Polo [2014-2020] Highline 1.5 (D)",Volkswagen,Polo,2015,grey,hatchback,53807,1st,5
"Volkswagen Polo [2015-2019] Highline1.2L (P)",Volkswagen,Polo,2016,silver,hatchback,44885,1st,5
"Volkswagen Polo [2016-2018] All Star 1.5 (D)",Volkswagen,Polo,2017,silver,hatchback,90423,1st,5
"Volkswagen Polo [2018-2020] Highline Plus 1.0 (P)",Volkswagen,Polo,2019,silver,hatchback,30378,1st,5
"Volkswagen Polo [2018-2022] Comfortline 1.0L (P)",Volkswagen,Polo,2018,silver,hatchback,26394,1st,5
"Volkswagen Polo [2018-2022] Trendline 1.0 (P)",Volkswagen,Polo,2020,red,hatchback,20427,1st,5
"Volkswagen Vento [2010-2015] Highline Petrol",Volkswagen,Vento,2014,silver,sedan,68269,2nd,5
"Volkswagen Vento [2010-2015] Highline Petrol AT",Volkswagen,Vento,2013,black,sedan,88105,1st,5
"Volkswagen Vento [2015-2019] Highline Petrol AT",Volkswagen,Vento,2016,grey,sedan,70958,1st,5
